id_movimiento,id_material,id_usuario,fecha,tipo_movimiento,cantidad,stock_resultante,observaciones,tipo,stock_minimo,ubicacion
39201,1034,1001,01/01/2018,Salida,17,792,"Salida simulada",HFC,35,Almacen 2
39200,1034,1000,03/01/2018,Salida,25,792,"Salida simulada",HFC,35,Almacen 2
39199,1034,1001,08/01/2018,Salida,29,792,"Salida simulada",HFC,35,Almacen 2
8983,1034,1000,10/01/2018,Entrada,41,812,"Ingreso simulado",HFC,35,Almacen 2
39198,1034,1001,13/01/2018,Salida,17,792,"Salida simulada",HFC,35,Almacen 2
39197,1034,1001,19/01/2018,Salida,23,792,"Salida simulada",HFC,35,Almacen 2
39196,1034,1000,20/01/2018,Salida,24,792,"Salida simulada",HFC,35,Almacen 2
39195,1034,1000,22/01/2018,Salida,17,792,"Salida simulada",HFC,35,Almacen 2
39194,1034,1000,23/01/2018,Salida,17,792,"Salida simulada",HFC,35,Almacen 2
39193,1034,1000,27/01/2018,Salida,18,792,"Salida simulada",HFC,35,Almacen 2
39192,1034,1001,30/01/2018,Salida,22,792,"Salida simulada",HFC,35,Almacen 2
8982,1034,1000,02/02/2018,Entrada,41,812,"Ingreso simulado",HFC,35,Almacen 2
39191,1034,1000,03/02/2018,Salida,20,792,"Salida simulada",HFC,35,Almacen 2
39190,1034,1001,04/02/2018,Salida,19,792,"Salida simulada",HFC,35,Almacen 2
8981,1034,1001,06/02/2018,Entrada,55,812,"Ingreso simulado",HFC,35,Almacen 2
39189,1034,1000,07/02/2018,Salida,19,792,"Salida simulada",HFC,35,Almacen 2
39188,1034,1001,09/02/2018,Salida,19,792,"Salida simulada",HFC,35,Almacen 2
39187,1034,1001,12/02/2018,Salida,21,792,"Salida simulada",HFC,35,Almacen 2
39186,1034,1000,13/02/2018,Salida,14,792,"Salida simulada",HFC,35,Almacen 2
8980,1034,1000,18/02/2018,Entrada,48,812,"Ingreso simulado",HFC,35,Almacen 2
39185,1034,1001,20/02/2018,Salida,15,792,"Salida simulada",HFC,35,Almacen 2
39184,1034,1001,22/02/2018,Salida,22,792,"Salida simulada",HFC,35,Almacen 2
39183,1034,1001,23/02/2018,Salida,19,792,"Salida simulada",HFC,35,Almacen 2
39182,1034,1001,25/02/2018,Salida,14,792,"Salida simulada",HFC,35,Almacen 2
39181,1034,1001,28/02/2018,Salida,25,792,"Salida simulada",HFC,35,Almacen 2
39180,1034,1000,01/03/2018,Salida,25,792,"Salida simulada",HFC,35,Almacen 2
39179,1034,1000,04/03/2018,Salida,16,792,"Salida simulada",HFC,35,Almacen 2
39178,1034,1000,10/03/2018,Salida,27,792,"Salida simulada",HFC,35,Almacen 2
39177,1034,1000,16/03/2018,Salida,30,792,"Salida simulada",HFC,35,Almacen 2
39176,1034,1001,22/03/2018,Salida,20,792,"Salida simulada",HFC,35,Almacen 2
39175,1034,1000,25/03/2018,Salida,23,792,"Salida simulada",HFC,35,Almacen 2
39174,1034,1000,26/03/2018,Salida,18,792,"Salida simulada",HFC,35,Almacen 2
39173,1034,1001,28/03/2018,Salida,17,792,"Salida simulada",HFC,35,Almacen 2
39172,1034,1000,29/03/2018,Salida,22,792,"Salida simulada",HFC,35,Almacen 2
39171,1034,1000,01/04/2018,Salida,20,792,"Salida simulada",HFC,35,Almacen 2
39170,1034,1001,02/04/2018,Salida,8,792,"Salida simulada",HFC,35,Almacen 2
8979,1034,1001,19/04/2018,Entrada,54,812,"Ingreso simulado",HFC,35,Almacen 2
39169,1034,1001,20/04/2018,Salida,22,792,"Salida simulada",HFC,35,Almacen 2
8978,1034,1001,20/04/2018,Entrada,53,812,"Ingreso simulado",HFC,35,Almacen 2
39168,1034,1001,22/04/2018,Salida,14,792,"Salida simulada",HFC,35,Almacen 2
39167,1034,1001,23/04/2018,Salida,21,792,"Salida simulada",HFC,35,Almacen 2
39166,1034,1001,27/04/2018,Salida,20,792,"Salida simulada",HFC,35,Almacen 2
8977,1034,1000,28/04/2018,Entrada,43,812,"Ingreso simulado",HFC,35,Almacen 2
39165,1034,1001,01/05/2018,Salida,16,792,"Salida simulada",HFC,35,Almacen 2
39164,1034,1001,03/05/2018,Salida,19,792,"Salida simulada",HFC,35,Almacen 2
39163,1034,1001,04/05/2018,Salida,22,792,"Salida simulada",HFC,35,Almacen 2
39162,1034,1001,05/05/2018,Salida,16,792,"Salida simulada",HFC,35,Almacen 2
8976,1034,1000,07/06/2018,Entrada,52,812,"Ingreso simulado",HFC,35,Almacen 2
39161,1034,1000,09/06/2018,Salida,18,792,"Salida simulada",HFC,35,Almacen 2
39160,1034,1000,10/06/2018,Salida,16,792,"Salida simulada",HFC,35,Almacen 2
8975,1034,1001,10/06/2018,Entrada,43,812,"Ingreso simulado",HFC,35,Almacen 2
8974,1034,1000,12/06/2018,Entrada,51,812,"Ingreso simulado",HFC,35,Almacen 2
39159,1034,1001,13/06/2018,Salida,17,792,"Salida simulada",HFC,35,Almacen 2
39158,1034,1000,15/06/2018,Salida,19,792,"Salida simulada",HFC,35,Almacen 2
39157,1034,1000,19/06/2018,Salida,16,792,"Salida simulada",HFC,35,Almacen 2
39156,1034,1000,20/06/2018,Salida,30,792,"Salida simulada",HFC,35,Almacen 2
39155,1034,1000,22/06/2018,Salida,14,792,"Salida simulada",HFC,35,Almacen 2
39154,1034,1001,24/06/2018,Salida,16,792,"Salida simulada",HFC,35,Almacen 2
8973,1034,1001,26/06/2018,Entrada,51,812,"Ingreso simulado",HFC,35,Almacen 2
39153,1034,1000,27/06/2018,Salida,22,792,"Salida simulada",HFC,35,Almacen 2
39152,1034,1000,28/06/2018,Salida,20,792,"Salida simulada",HFC,35,Almacen 2
39151,1034,1000,29/06/2018,Salida,9,792,"Salida simulada",HFC,35,Almacen 2
39150,1034,1000,17/07/2018,Salida,18,792,"Salida simulada",HFC,35,Almacen 2
8972,1034,1001,17/07/2018,Entrada,63,812,"Ingreso simulado",HFC,35,Almacen 2
39149,1034,1000,18/07/2018,Salida,21,792,"Salida simulada",HFC,35,Almacen 2
39148,1034,1000,21/07/2018,Salida,23,792,"Salida simulada",HFC,35,Almacen 2
39147,1034,1001,23/07/2018,Salida,1,792,"Salida simulada",HFC,35,Almacen 2
39146,1034,1001,25/07/2018,Salida,22,792,"Salida simulada",HFC,35,Almacen 2
8971,1034,1001,25/07/2018,Entrada,31,812,"Ingreso simulado",HFC,35,Almacen 2
8970,1034,1001,26/07/2018,Entrada,47,812,"Ingreso simulado",HFC,35,Almacen 2
39145,1034,1000,29/07/2018,Salida,24,792,"Salida simulada",HFC,35,Almacen 2
39144,1034,1000,01/08/2018,Salida,18,792,"Salida simulada",HFC,35,Almacen 2
39143,1034,1001,02/08/2018,Salida,14,792,"Salida simulada",HFC,35,Almacen 2
8969,1034,1001,10/08/2018,Entrada,51,812,"Ingreso simulado",HFC,35,Almacen 2
39142,1034,1000,12/08/2018,Salida,21,792,"Salida simulada",HFC,35,Almacen 2
39141,1034,1000,14/08/2018,Salida,24,792,"Salida simulada",HFC,35,Almacen 2
39140,1034,1001,17/08/2018,Salida,6,792,"Salida simulada",HFC,35,Almacen 2
8968,1034,1000,24/08/2018,Entrada,48,812,"Ingreso simulado",HFC,35,Almacen 2
39139,1034,1000,28/08/2018,Salida,17,792,"Salida simulada",HFC,35,Almacen 2
39138,1034,1001,29/08/2018,Salida,18,792,"Salida simulada",HFC,35,Almacen 2
8967,1034,1001,29/08/2018,Entrada,52,812,"Ingreso simulado",HFC,35,Almacen 2
8966,1034,1000,30/08/2018,Entrada,58,812,"Ingreso simulado",HFC,35,Almacen 2
39137,1034,1000,01/09/2018,Salida,14,792,"Salida simulada",HFC,35,Almacen 2
39136,1034,1000,04/09/2018,Salida,21,792,"Salida simulada",HFC,35,Almacen 2
39135,1034,1001,06/09/2018,Salida,12,792,"Salida simulada",HFC,35,Almacen 2
8965,1034,1001,06/09/2018,Entrada,54,812,"Ingreso simulado",HFC,35,Almacen 2
39134,1034,1000,11/09/2018,Salida,17,792,"Salida simulada",HFC,35,Almacen 2
39133,1034,1000,13/09/2018,Salida,22,792,"Salida simulada",HFC,35,Almacen 2
39132,1034,1001,17/09/2018,Salida,13,792,"Salida simulada",HFC,35,Almacen 2
39131,1034,1001,18/09/2018,Salida,20,792,"Salida simulada",HFC,35,Almacen 2
39130,1034,1000,20/09/2018,Salida,21,792,"Salida simulada",HFC,35,Almacen 2
39129,1034,1000,21/09/2018,Salida,31,792,"Salida simulada",HFC,35,Almacen 2
39128,1034,1000,22/09/2018,Salida,6,792,"Salida simulada",HFC,35,Almacen 2
8964,1034,1000,23/09/2018,Entrada,60,812,"Ingreso simulado",HFC,35,Almacen 2
39127,1034,1001,25/09/2018,Salida,19,792,"Salida simulada",HFC,35,Almacen 2
39126,1034,1000,27/09/2018,Salida,24,792,"Salida simulada",HFC,35,Almacen 2
8963,1034,1001,30/09/2018,Entrada,49,812,"Ingreso simulado",HFC,35,Almacen 2
8962,1034,1000,07/10/2018,Entrada,44,812,"Ingreso simulado",HFC,35,Almacen 2
39125,1034,1001,08/10/2018,Salida,20,792,"Salida simulada",HFC,35,Almacen 2
39124,1034,1001,12/10/2018,Salida,24,792,"Salida simulada",HFC,35,Almacen 2
39123,1034,1000,13/10/2018,Salida,15,792,"Salida simulada",HFC,35,Almacen 2
39122,1034,1001,17/10/2018,Salida,25,792,"Salida simulada",HFC,35,Almacen 2
39121,1034,1000,18/10/2018,Salida,14,792,"Salida simulada",HFC,35,Almacen 2
39120,1034,1000,25/10/2018,Salida,12,792,"Salida simulada",HFC,35,Almacen 2
39119,1034,1001,03/11/2018,Salida,22,792,"Salida simulada",HFC,35,Almacen 2
8961,1034,1000,03/11/2018,Entrada,47,812,"Ingreso simulado",HFC,35,Almacen 2
8960,1034,1001,04/11/2018,Entrada,42,812,"Ingreso simulado",HFC,35,Almacen 2
39118,1034,1000,05/11/2018,Salida,20,792,"Salida simulada",HFC,35,Almacen 2
39117,1034,1000,06/11/2018,Salida,20,792,"Salida simulada",HFC,35,Almacen 2
8959,1034,1001,17/11/2018,Entrada,58,812,"Ingreso simulado",HFC,35,Almacen 2
39116,1034,1000,20/11/2018,Salida,13,792,"Salida simulada",HFC,35,Almacen 2
39115,1034,1000,22/11/2018,Salida,22,792,"Salida simulada",HFC,35,Almacen 2
39114,1034,1001,24/11/2018,Salida,14,792,"Salida simulada",HFC,35,Almacen 2
39113,1034,1000,28/11/2018,Salida,20,792,"Salida simulada",HFC,35,Almacen 2
39112,1034,1000,29/11/2018,Salida,16,792,"Salida simulada",HFC,35,Almacen 2
8958,1034,1000,30/11/2018,Entrada,52,812,"Ingreso simulado",HFC,35,Almacen 2
39111,1034,1000,30/11/2018,Salida,20,792,"Salida simulada",HFC,35,Almacen 2
39110,1034,1001,06/12/2018,Salida,27,792,"Salida simulada",HFC,35,Almacen 2
39109,1034,1000,09/12/2018,Salida,5,792,"Salida simulada",HFC,35,Almacen 2
8957,1034,1001,13/12/2018,Entrada,41,812,"Ingreso simulado",HFC,35,Almacen 2
39108,1034,1001,13/12/2018,Salida,21,792,"Salida simulada",HFC,35,Almacen 2
39107,1034,1001,20/12/2018,Salida,20,792,"Salida simulada",HFC,35,Almacen 2
39106,1034,1000,06/01/2019,Salida,24,792,"Salida simulada",HFC,35,Almacen 2
8956,1034,1000,06/01/2019,Entrada,55,812,"Ingreso simulado",HFC,35,Almacen 2
39105,1034,1000,07/01/2019,Salida,16,792,"Salida simulada",HFC,35,Almacen 2
8955,1034,1001,08/01/2019,Entrada,56,812,"Ingreso simulado",HFC,35,Almacen 2
8954,1034,1000,11/01/2019,Entrada,49,812,"Ingreso simulado",HFC,35,Almacen 2
39104,1034,1001,13/01/2019,Salida,24,792,"Salida simulada",HFC,35,Almacen 2
8953,1034,1000,15/01/2019,Entrada,48,812,"Ingreso simulado",HFC,35,Almacen 2
8952,1034,1000,17/01/2019,Entrada,50,812,"Ingreso simulado",HFC,35,Almacen 2
8951,1034,1000,20/01/2019,Entrada,49,812,"Ingreso simulado",HFC,35,Almacen 2
39103,1034,1000,21/01/2019,Salida,24,792,"Salida simulada",HFC,35,Almacen 2
39102,1034,1001,22/01/2019,Salida,17,792,"Salida simulada",HFC,35,Almacen 2
39101,1034,1001,23/01/2019,Salida,10,792,"Salida simulada",HFC,35,Almacen 2
39100,1034,1001,29/01/2019,Salida,17,792,"Salida simulada",HFC,35,Almacen 2
39099,1034,1000,31/01/2019,Salida,22,792,"Salida simulada",HFC,35,Almacen 2
39098,1034,1000,01/02/2019,Salida,21,792,"Salida simulada",HFC,35,Almacen 2
39097,1034,1001,06/02/2019,Salida,20,792,"Salida simulada",HFC,35,Almacen 2
39096,1034,1000,08/02/2019,Salida,21,792,"Salida simulada",HFC,35,Almacen 2
39095,1034,1001,10/02/2019,Salida,21,792,"Salida simulada",HFC,35,Almacen 2
39094,1034,1000,13/02/2019,Salida,32,792,"Salida simulada",HFC,35,Almacen 2
39093,1034,1000,17/02/2019,Salida,17,792,"Salida simulada",HFC,35,Almacen 2
39092,1034,1000,21/02/2019,Salida,21,792,"Salida simulada",HFC,35,Almacen 2
8950,1034,1000,27/02/2019,Entrada,47,812,"Ingreso simulado",HFC,35,Almacen 2
39091,1034,1000,27/02/2019,Salida,20,792,"Salida simulada",HFC,35,Almacen 2
39090,1034,1001,01/03/2019,Salida,21,792,"Salida simulada",HFC,35,Almacen 2
39089,1034,1001,02/03/2019,Salida,6,792,"Salida simulada",HFC,35,Almacen 2
8949,1034,1001,06/03/2019,Entrada,55,812,"Ingreso simulado",HFC,35,Almacen 2
39088,1034,1000,12/03/2019,Salida,20,792,"Salida simulada",HFC,35,Almacen 2
39087,1034,1000,13/03/2019,Salida,27,792,"Salida simulada",HFC,35,Almacen 2
39086,1034,1001,14/03/2019,Salida,8,792,"Salida simulada",HFC,35,Almacen 2
39085,1034,1001,16/03/2019,Salida,14,792,"Salida simulada",HFC,35,Almacen 2
8948,1034,1000,16/03/2019,Entrada,50,812,"Ingreso simulado",HFC,35,Almacen 2
8947,1034,1000,17/03/2019,Entrada,49,812,"Ingreso simulado",HFC,35,Almacen 2
39084,1034,1001,18/03/2019,Salida,15,792,"Salida simulada",HFC,35,Almacen 2
8946,1034,1001,20/03/2019,Entrada,48,812,"Ingreso simulado",HFC,35,Almacen 2
39083,1034,1001,20/03/2019,Salida,18,792,"Salida simulada",HFC,35,Almacen 2
39082,1034,1001,21/03/2019,Salida,20,792,"Salida simulada",HFC,35,Almacen 2
39081,1034,1000,25/03/2019,Salida,13,792,"Salida simulada",HFC,35,Almacen 2
39080,1034,1000,28/03/2019,Salida,20,792,"Salida simulada",HFC,35,Almacen 2
8945,1034,1000,29/03/2019,Entrada,57,812,"Ingreso simulado",HFC,35,Almacen 2
39079,1034,1000,31/03/2019,Salida,27,792,"Salida simulada",HFC,35,Almacen 2
39078,1034,1000,04/04/2019,Salida,18,792,"Salida simulada",HFC,35,Almacen 2
39077,1034,1000,05/04/2019,Salida,18,792,"Salida simulada",HFC,35,Almacen 2
39076,1034,1001,06/04/2019,Salida,18,792,"Salida simulada",HFC,35,Almacen 2
8944,1034,1001,08/04/2019,Entrada,42,812,"Ingreso simulado",HFC,35,Almacen 2
39075,1034,1001,09/04/2019,Salida,25,792,"Salida simulada",HFC,35,Almacen 2
8943,1034,1000,10/04/2019,Entrada,48,812,"Ingreso simulado",HFC,35,Almacen 2
8942,1034,1000,12/04/2019,Entrada,45,812,"Ingreso simulado",HFC,35,Almacen 2
39074,1034,1000,14/04/2019,Salida,17,792,"Salida simulada",HFC,35,Almacen 2
39073,1034,1001,15/04/2019,Salida,21,792,"Salida simulada",HFC,35,Almacen 2
39072,1034,1001,17/04/2019,Salida,18,792,"Salida simulada",HFC,35,Almacen 2
39071,1034,1001,21/04/2019,Salida,19,792,"Salida simulada",HFC,35,Almacen 2
8941,1034,1000,22/04/2019,Entrada,61,812,"Ingreso simulado",HFC,35,Almacen 2
8940,1034,1001,27/04/2019,Entrada,47,812,"Ingreso simulado",HFC,35,Almacen 2
39070,1034,1000,30/04/2019,Salida,18,792,"Salida simulada",HFC,35,Almacen 2
8939,1034,1001,01/05/2019,Entrada,55,812,"Ingreso simulado",HFC,35,Almacen 2
8938,1034,1001,05/05/2019,Entrada,44,812,"Ingreso simulado",HFC,35,Almacen 2
8937,1034,1001,08/05/2019,Entrada,37,812,"Ingreso simulado",HFC,35,Almacen 2
39069,1034,1000,10/05/2019,Salida,12,792,"Salida simulada",HFC,35,Almacen 2
39068,1034,1001,13/05/2019,Salida,26,792,"Salida simulada",HFC,35,Almacen 2
8936,1034,1000,14/05/2019,Entrada,47,812,"Ingreso simulado",HFC,35,Almacen 2
39067,1034,1000,15/05/2019,Salida,20,792,"Salida simulada",HFC,35,Almacen 2
8935,1034,1000,16/05/2019,Entrada,59,812,"Ingreso simulado",HFC,35,Almacen 2
39066,1034,1001,23/05/2019,Salida,15,792,"Salida simulada",HFC,35,Almacen 2
39065,1034,1000,26/05/2019,Salida,17,792,"Salida simulada",HFC,35,Almacen 2
39064,1034,1001,28/05/2019,Salida,21,792,"Salida simulada",HFC,35,Almacen 2
8934,1034,1001,09/06/2019,Entrada,44,812,"Ingreso simulado",HFC,35,Almacen 2
39063,1034,1001,11/06/2019,Salida,20,792,"Salida simulada",HFC,35,Almacen 2
39062,1034,1000,14/06/2019,Salida,16,792,"Salida simulada",HFC,35,Almacen 2
8933,1034,1001,15/06/2019,Entrada,41,812,"Ingreso simulado",HFC,35,Almacen 2
39061,1034,1001,21/06/2019,Salida,11,792,"Salida simulada",HFC,35,Almacen 2
39060,1034,1000,23/06/2019,Salida,18,792,"Salida simulada",HFC,35,Almacen 2
8932,1034,1001,24/06/2019,Entrada,50,812,"Ingreso simulado",HFC,35,Almacen 2
39059,1034,1001,26/06/2019,Salida,19,792,"Salida simulada",HFC,35,Almacen 2
39058,1034,1001,30/06/2019,Salida,28,792,"Salida simulada",HFC,35,Almacen 2
39057,1034,1000,02/07/2019,Salida,23,792,"Salida simulada",HFC,35,Almacen 2
39056,1034,1000,04/07/2019,Salida,18,792,"Salida simulada",HFC,35,Almacen 2
39055,1034,1001,05/07/2019,Salida,21,792,"Salida simulada",HFC,35,Almacen 2
39054,1034,1000,07/07/2019,Salida,22,792,"Salida simulada",HFC,35,Almacen 2
39053,1034,1000,09/07/2019,Salida,19,792,"Salida simulada",HFC,35,Almacen 2
39052,1034,1001,10/07/2019,Salida,25,792,"Salida simulada",HFC,35,Almacen 2
39051,1034,1000,11/07/2019,Salida,18,792,"Salida simulada",HFC,35,Almacen 2
39050,1034,1000,17/07/2019,Salida,24,792,"Salida simulada",HFC,35,Almacen 2
39049,1034,1001,21/07/2019,Salida,21,792,"Salida simulada",HFC,35,Almacen 2
39048,1034,1000,22/07/2019,Salida,27,792,"Salida simulada",HFC,35,Almacen 2
39047,1034,1001,24/07/2019,Salida,21,792,"Salida simulada",HFC,35,Almacen 2
8931,1034,1000,24/07/2019,Entrada,45,812,"Ingreso simulado",HFC,35,Almacen 2
39046,1034,1001,25/07/2019,Salida,20,792,"Salida simulada",HFC,35,Almacen 2
39045,1034,1000,28/07/2019,Salida,23,792,"Salida simulada",HFC,35,Almacen 2
39044,1034,1000,30/07/2019,Salida,19,792,"Salida simulada",HFC,35,Almacen 2
39043,1034,1000,31/07/2019,Salida,15,792,"Salida simulada",HFC,35,Almacen 2
39042,1034,1001,01/08/2019,Salida,15,792,"Salida simulada",HFC,35,Almacen 2
8930,1034,1001,04/08/2019,Entrada,51,812,"Ingreso simulado",HFC,35,Almacen 2
8929,1034,1000,06/08/2019,Entrada,45,812,"Ingreso simulado",HFC,35,Almacen 2
39041,1034,1001,08/08/2019,Salida,15,792,"Salida simulada",HFC,35,Almacen 2
8928,1034,1001,08/08/2019,Entrada,59,812,"Ingreso simulado",HFC,35,Almacen 2
39040,1034,1001,12/08/2019,Salida,22,792,"Salida simulada",HFC,35,Almacen 2
39039,1034,1000,13/08/2019,Salida,20,792,"Salida simulada",HFC,35,Almacen 2
39038,1034,1000,14/08/2019,Salida,18,792,"Salida simulada",HFC,35,Almacen 2
39037,1034,1000,22/08/2019,Salida,19,792,"Salida simulada",HFC,35,Almacen 2
8927,1034,1001,24/08/2019,Entrada,48,812,"Ingreso simulado",HFC,35,Almacen 2
39036,1034,1000,26/08/2019,Salida,17,792,"Salida simulada",HFC,35,Almacen 2
39035,1034,1000,27/08/2019,Salida,20,792,"Salida simulada",HFC,35,Almacen 2
39034,1034,1001,28/08/2019,Salida,19,792,"Salida simulada",HFC,35,Almacen 2
39033,1034,1000,02/09/2019,Salida,16,792,"Salida simulada",HFC,35,Almacen 2
39032,1034,1000,05/09/2019,Salida,22,792,"Salida simulada",HFC,35,Almacen 2
8926,1034,1001,05/09/2019,Entrada,51,812,"Ingreso simulado",HFC,35,Almacen 2
39031,1034,1001,06/09/2019,Salida,27,792,"Salida simulada",HFC,35,Almacen 2
8925,1034,1000,08/09/2019,Entrada,50,812,"Ingreso simulado",HFC,35,Almacen 2
8924,1034,1001,12/09/2019,Entrada,51,812,"Ingreso simulado",HFC,35,Almacen 2
39030,1034,1000,12/09/2019,Salida,23,792,"Salida simulada",HFC,35,Almacen 2
39029,1034,1001,13/09/2019,Salida,18,792,"Salida simulada",HFC,35,Almacen 2
39028,1034,1001,19/09/2019,Salida,25,792,"Salida simulada",HFC,35,Almacen 2
8923,1034,1000,20/09/2019,Entrada,61,812,"Ingreso simulado",HFC,35,Almacen 2
39027,1034,1001,20/09/2019,Salida,28,792,"Salida simulada",HFC,35,Almacen 2
8922,1034,1001,21/09/2019,Entrada,42,812,"Ingreso simulado",HFC,35,Almacen 2
8921,1034,1000,25/09/2019,Entrada,50,812,"Ingreso simulado",HFC,35,Almacen 2
39026,1034,1000,27/09/2019,Salida,17,792,"Salida simulada",HFC,35,Almacen 2
8920,1034,1001,27/09/2019,Entrada,47,812,"Ingreso simulado",HFC,35,Almacen 2
39025,1034,1000,01/10/2019,Salida,18,792,"Salida simulada",HFC,35,Almacen 2
39024,1034,1001,02/10/2019,Salida,29,792,"Salida simulada",HFC,35,Almacen 2
8919,1034,1000,03/10/2019,Entrada,45,812,"Ingreso simulado",HFC,35,Almacen 2
39023,1034,1001,06/10/2019,Salida,28,792,"Salida simulada",HFC,35,Almacen 2
39022,1034,1000,09/10/2019,Salida,21,792,"Salida simulada",HFC,35,Almacen 2
39021,1034,1001,10/10/2019,Salida,24,792,"Salida simulada",HFC,35,Almacen 2
8918,1034,1001,10/10/2019,Entrada,51,812,"Ingreso simulado",HFC,35,Almacen 2
39020,1034,1001,13/10/2019,Salida,22,792,"Salida simulada",HFC,35,Almacen 2
39019,1034,1001,14/10/2019,Salida,17,792,"Salida simulada",HFC,35,Almacen 2
8917,1034,1000,16/10/2019,Entrada,62,812,"Ingreso simulado",HFC,35,Almacen 2
39018,1034,1001,16/10/2019,Salida,19,792,"Salida simulada",HFC,35,Almacen 2
39017,1034,1000,17/10/2019,Salida,17,792,"Salida simulada",HFC,35,Almacen 2
8916,1034,1001,19/10/2019,Entrada,52,812,"Ingreso simulado",HFC,35,Almacen 2
39016,1034,1000,20/10/2019,Salida,20,792,"Salida simulada",HFC,35,Almacen 2
39015,1034,1001,21/10/2019,Salida,19,792,"Salida simulada",HFC,35,Almacen 2
39014,1034,1001,22/10/2019,Salida,18,792,"Salida simulada",HFC,35,Almacen 2
8915,1034,1001,23/10/2019,Entrada,66,812,"Ingreso simulado",HFC,35,Almacen 2
39013,1034,1000,28/10/2019,Salida,24,792,"Salida simulada",HFC,35,Almacen 2
8914,1034,1000,02/11/2019,Entrada,56,812,"Ingreso simulado",HFC,35,Almacen 2
39012,1034,1001,04/11/2019,Salida,31,792,"Salida simulada",HFC,35,Almacen 2
8913,1034,1001,05/11/2019,Entrada,51,812,"Ingreso simulado",HFC,35,Almacen 2
39011,1034,1000,06/11/2019,Salida,12,792,"Salida simulada",HFC,35,Almacen 2
8912,1034,1001,08/11/2019,Entrada,55,812,"Ingreso simulado",HFC,35,Almacen 2
39010,1034,1000,09/11/2019,Salida,22,792,"Salida simulada",HFC,35,Almacen 2
39009,1034,1001,12/11/2019,Salida,27,792,"Salida simulada",HFC,35,Almacen 2
39008,1034,1000,15/11/2019,Salida,15,792,"Salida simulada",HFC,35,Almacen 2
39007,1034,1000,19/11/2019,Salida,20,792,"Salida simulada",HFC,35,Almacen 2
39006,1034,1000,21/11/2019,Salida,16,792,"Salida simulada",HFC,35,Almacen 2
39005,1034,1001,24/11/2019,Salida,25,792,"Salida simulada",HFC,35,Almacen 2
39004,1034,1000,27/11/2019,Salida,18,792,"Salida simulada",HFC,35,Almacen 2
39003,1034,1001,28/11/2019,Salida,20,792,"Salida simulada",HFC,35,Almacen 2
39002,1034,1001,01/12/2019,Salida,16,792,"Salida simulada",HFC,35,Almacen 2
8911,1034,1000,04/12/2019,Entrada,42,812,"Ingreso simulado",HFC,35,Almacen 2
39001,1034,1001,09/12/2019,Salida,19,792,"Salida simulada",HFC,35,Almacen 2
8910,1034,1001,09/12/2019,Entrada,56,812,"Ingreso simulado",HFC,35,Almacen 2
39000,1034,1000,10/12/2019,Salida,20,792,"Salida simulada",HFC,35,Almacen 2
38999,1034,1001,11/12/2019,Salida,20,792,"Salida simulada",HFC,35,Almacen 2
8909,1034,1000,12/12/2019,Entrada,53,812,"Ingreso simulado",HFC,35,Almacen 2
8908,1034,1000,14/12/2019,Entrada,51,812,"Ingreso simulado",HFC,35,Almacen 2
38998,1034,1000,15/12/2019,Salida,17,792,"Salida simulada",HFC,35,Almacen 2
38997,1034,1000,16/12/2019,Salida,17,792,"Salida simulada",HFC,35,Almacen 2
38996,1034,1001,18/12/2019,Salida,16,792,"Salida simulada",HFC,35,Almacen 2
38995,1034,1000,19/12/2019,Salida,17,792,"Salida simulada",HFC,35,Almacen 2
38994,1034,1001,23/12/2019,Salida,19,792,"Salida simulada",HFC,35,Almacen 2
38993,1034,1000,24/12/2019,Salida,23,792,"Salida simulada",HFC,35,Almacen 2
8907,1034,1000,31/12/2019,Entrada,59,812,"Ingreso simulado",HFC,35,Almacen 2
8906,1034,1001,02/01/2020,Entrada,50,812,"Ingreso simulado",HFC,35,Almacen 2
38992,1034,1001,05/01/2020,Salida,19,792,"Salida simulada",HFC,35,Almacen 2
38991,1034,1001,06/01/2020,Salida,18,792,"Salida simulada",HFC,35,Almacen 2
8905,1034,1001,07/01/2020,Entrada,44,812,"Ingreso simulado",HFC,35,Almacen 2
38990,1034,1001,11/01/2020,Salida,26,792,"Salida simulada",HFC,35,Almacen 2
38989,1034,1000,12/01/2020,Salida,16,792,"Salida simulada",HFC,35,Almacen 2
38988,1034,1001,15/01/2020,Salida,18,792,"Salida simulada",HFC,35,Almacen 2
38987,1034,1000,17/01/2020,Salida,20,792,"Salida simulada",HFC,35,Almacen 2
38986,1034,1001,18/01/2020,Salida,10,792,"Salida simulada",HFC,35,Almacen 2
8904,1034,1000,19/01/2020,Entrada,54,812,"Ingreso simulado",HFC,35,Almacen 2
38985,1034,1001,27/01/2020,Salida,14,792,"Salida simulada",HFC,35,Almacen 2
38984,1034,1001,28/01/2020,Salida,18,792,"Salida simulada",HFC,35,Almacen 2
38983,1034,1001,31/01/2020,Salida,15,792,"Salida simulada",HFC,35,Almacen 2
8903,1034,1001,05/02/2020,Entrada,42,812,"Ingreso simulado",HFC,35,Almacen 2
38982,1034,1000,17/02/2020,Salida,17,792,"Salida simulada",HFC,35,Almacen 2
8902,1034,1000,19/02/2020,Entrada,38,812,"Ingreso simulado",HFC,35,Almacen 2
38981,1034,1000,21/02/2020,Salida,19,792,"Salida simulada",HFC,35,Almacen 2
8901,1034,1000,21/02/2020,Entrada,54,812,"Ingreso simulado",HFC,35,Almacen 2
38980,1034,1001,23/02/2020,Salida,30,792,"Salida simulada",HFC,35,Almacen 2
38979,1034,1001,26/02/2020,Salida,22,792,"Salida simulada",HFC,35,Almacen 2
38978,1034,1001,27/02/2020,Salida,22,792,"Salida simulada",HFC,35,Almacen 2
8900,1034,1000,27/02/2020,Entrada,44,812,"Ingreso simulado",HFC,35,Almacen 2
38977,1034,1001,01/03/2020,Salida,16,792,"Salida simulada",HFC,35,Almacen 2
38976,1034,1001,02/03/2020,Salida,18,792,"Salida simulada",HFC,35,Almacen 2
5095,1034,1001,04/03/2020,Entrada,42,812,"Ingreso simulado",HFC,35,Almacen 2
38975,1034,1001,05/03/2020,Salida,23,792,"Salida simulada",HFC,35,Almacen 2
5094,1034,1001,06/03/2020,Entrada,51,812,"Ingreso simulado",HFC,35,Almacen 2
38974,1034,1001,11/03/2020,Salida,22,792,"Salida simulada",HFC,35,Almacen 2
38973,1034,1000,12/03/2020,Salida,19,792,"Salida simulada",HFC,35,Almacen 2
5093,1034,1001,14/03/2020,Entrada,39,812,"Ingreso simulado",HFC,35,Almacen 2
38972,1034,1000,14/03/2020,Salida,21,792,"Salida simulada",HFC,35,Almacen 2
38971,1034,1001,15/03/2020,Salida,22,792,"Salida simulada",HFC,35,Almacen 2
38970,1034,1001,16/03/2020,Salida,11,792,"Salida simulada",HFC,35,Almacen 2
38969,1034,1000,17/03/2020,Salida,17,792,"Salida simulada",HFC,35,Almacen 2
38968,1034,1001,18/03/2020,Salida,19,792,"Salida simulada",HFC,35,Almacen 2
38967,1034,1001,19/03/2020,Salida,18,792,"Salida simulada",HFC,35,Almacen 2
5092,1034,1001,19/03/2020,Entrada,42,812,"Ingreso simulado",HFC,35,Almacen 2
38966,1034,1000,21/03/2020,Salida,9,792,"Salida simulada",HFC,35,Almacen 2
38965,1034,1001,23/03/2020,Salida,16,792,"Salida simulada",HFC,35,Almacen 2
38964,1034,1001,24/03/2020,Salida,23,792,"Salida simulada",HFC,35,Almacen 2
5091,1034,1001,24/03/2020,Entrada,69,812,"Ingreso simulado",HFC,35,Almacen 2
38963,1034,1000,26/03/2020,Salida,18,792,"Salida simulada",HFC,35,Almacen 2
38962,1034,1000,27/03/2020,Salida,24,792,"Salida simulada",HFC,35,Almacen 2
38961,1034,1001,31/03/2020,Salida,16,792,"Salida simulada",HFC,35,Almacen 2
38960,1034,1000,03/04/2020,Salida,21,792,"Salida simulada",HFC,35,Almacen 2
5090,1034,1001,04/04/2020,Entrada,47,812,"Ingreso simulado",HFC,35,Almacen 2
38959,1034,1001,04/04/2020,Salida,23,792,"Salida simulada",HFC,35,Almacen 2
38958,1034,1001,07/04/2020,Salida,20,792,"Salida simulada",HFC,35,Almacen 2
38957,1034,1001,11/04/2020,Salida,21,792,"Salida simulada",HFC,35,Almacen 2
38956,1034,1001,12/04/2020,Salida,16,792,"Salida simulada",HFC,35,Almacen 2
38955,1034,1000,17/04/2020,Salida,20,792,"Salida simulada",HFC,35,Almacen 2
38954,1034,1001,18/04/2020,Salida,20,792,"Salida simulada",HFC,35,Almacen 2
38953,1034,1001,19/04/2020,Salida,19,792,"Salida simulada",HFC,35,Almacen 2
38952,1034,1000,22/04/2020,Salida,14,792,"Salida simulada",HFC,35,Almacen 2
38951,1034,1001,23/04/2020,Salida,16,792,"Salida simulada",HFC,35,Almacen 2
38950,1034,1001,24/04/2020,Salida,19,792,"Salida simulada",HFC,35,Almacen 2
38949,1034,1000,25/04/2020,Salida,14,792,"Salida simulada",HFC,35,Almacen 2
38948,1034,1000,29/04/2020,Salida,23,792,"Salida simulada",HFC,35,Almacen 2
38947,1034,1000,30/04/2020,Salida,21,792,"Salida simulada",HFC,35,Almacen 2
38946,1034,1001,01/05/2020,Salida,23,792,"Salida simulada",HFC,35,Almacen 2
38945,1034,1000,03/05/2020,Salida,8,792,"Salida simulada",HFC,35,Almacen 2
5089,1034,1001,12/05/2020,Entrada,51,812,"Ingreso simulado",HFC,35,Almacen 2
38944,1034,1000,15/05/2020,Salida,18,792,"Salida simulada",HFC,35,Almacen 2
5088,1034,1001,15/05/2020,Entrada,46,812,"Ingreso simulado",HFC,35,Almacen 2
38943,1034,1000,16/05/2020,Salida,19,792,"Salida simulada",HFC,35,Almacen 2
38942,1034,1001,20/05/2020,Salida,12,792,"Salida simulada",HFC,35,Almacen 2
38941,1034,1001,22/05/2020,Salida,15,792,"Salida simulada",HFC,35,Almacen 2
38940,1034,1001,25/05/2020,Salida,21,792,"Salida simulada",HFC,35,Almacen 2
38939,1034,1000,28/05/2020,Salida,12,792,"Salida simulada",HFC,35,Almacen 2
38938,1034,1001,02/06/2020,Salida,22,792,"Salida simulada",HFC,35,Almacen 2
5087,1034,1001,02/06/2020,Entrada,43,812,"Ingreso simulado",HFC,35,Almacen 2
38937,1034,1000,03/06/2020,Salida,17,792,"Salida simulada",HFC,35,Almacen 2
38936,1034,1000,04/06/2020,Salida,4,792,"Salida simulada",HFC,35,Almacen 2
5086,1034,1001,05/06/2020,Entrada,50,812,"Ingreso simulado",HFC,35,Almacen 2
38935,1034,1001,06/06/2020,Salida,22,792,"Salida simulada",HFC,35,Almacen 2
38934,1034,1001,09/06/2020,Salida,29,792,"Salida simulada",HFC,35,Almacen 2
5085,1034,1001,09/06/2020,Entrada,53,812,"Ingreso simulado",HFC,35,Almacen 2
38933,1034,1000,12/06/2020,Salida,21,792,"Salida simulada",HFC,35,Almacen 2
5084,1034,1001,13/06/2020,Entrada,58,812,"Ingreso simulado",HFC,35,Almacen 2
38932,1034,1001,15/06/2020,Salida,18,792,"Salida simulada",HFC,35,Almacen 2
38931,1034,1001,17/06/2020,Salida,24,792,"Salida simulada",HFC,35,Almacen 2
38930,1034,1001,19/06/2020,Salida,16,792,"Salida simulada",HFC,35,Almacen 2
38929,1034,1001,22/06/2020,Salida,19,792,"Salida simulada",HFC,35,Almacen 2
38928,1034,1001,25/06/2020,Salida,12,792,"Salida simulada",HFC,35,Almacen 2
5083,1034,1000,30/06/2020,Entrada,47,812,"Ingreso simulado",HFC,35,Almacen 2
38927,1034,1001,09/07/2020,Salida,21,792,"Salida simulada",HFC,35,Almacen 2
38926,1034,1000,12/07/2020,Salida,26,792,"Salida simulada",HFC,35,Almacen 2
5082,1034,1000,16/07/2020,Entrada,50,812,"Ingreso simulado",HFC,35,Almacen 2
38925,1034,1001,16/07/2020,Salida,13,792,"Salida simulada",HFC,35,Almacen 2
38924,1034,1000,17/07/2020,Salida,20,792,"Salida simulada",HFC,35,Almacen 2
5081,1034,1000,19/07/2020,Entrada,53,812,"Ingreso simulado",HFC,35,Almacen 2
38923,1034,1000,20/07/2020,Salida,21,792,"Salida simulada",HFC,35,Almacen 2
38922,1034,1001,21/07/2020,Salida,10,792,"Salida simulada",HFC,35,Almacen 2
5080,1034,1000,30/07/2020,Entrada,72,812,"Ingreso simulado",HFC,35,Almacen 2
38921,1034,1001,01/08/2020,Salida,22,792,"Salida simulada",HFC,35,Almacen 2
5079,1034,1001,05/08/2020,Entrada,54,812,"Ingreso simulado",HFC,35,Almacen 2
5078,1034,1001,06/08/2020,Entrada,51,812,"Ingreso simulado",HFC,35,Almacen 2
5077,1034,1001,07/08/2020,Entrada,51,812,"Ingreso simulado",HFC,35,Almacen 2
5076,1034,1000,09/08/2020,Entrada,49,812,"Ingreso simulado",HFC,35,Almacen 2
38920,1034,1001,10/08/2020,Salida,15,792,"Salida simulada",HFC,35,Almacen 2
38919,1034,1001,13/08/2020,Salida,16,792,"Salida simulada",HFC,35,Almacen 2
38918,1034,1000,17/08/2020,Salida,26,792,"Salida simulada",HFC,35,Almacen 2
5075,1034,1001,18/08/2020,Entrada,47,812,"Ingreso simulado",HFC,35,Almacen 2
5074,1034,1000,19/08/2020,Entrada,48,812,"Ingreso simulado",HFC,35,Almacen 2
38917,1034,1001,19/08/2020,Salida,22,792,"Salida simulada",HFC,35,Almacen 2
38916,1034,1001,24/08/2020,Salida,15,792,"Salida simulada",HFC,35,Almacen 2
38915,1034,1000,26/08/2020,Salida,22,792,"Salida simulada",HFC,35,Almacen 2
38914,1034,1000,29/08/2020,Salida,22,792,"Salida simulada",HFC,35,Almacen 2
38913,1034,1000,30/08/2020,Salida,14,792,"Salida simulada",HFC,35,Almacen 2
38912,1034,1001,03/09/2020,Salida,19,792,"Salida simulada",HFC,35,Almacen 2
5073,1034,1000,05/09/2020,Entrada,46,812,"Ingreso simulado",HFC,35,Almacen 2
38911,1034,1001,05/09/2020,Salida,23,792,"Salida simulada",HFC,35,Almacen 2
38910,1034,1000,06/09/2020,Salida,13,792,"Salida simulada",HFC,35,Almacen 2
5072,1034,1000,07/09/2020,Entrada,39,812,"Ingreso simulado",HFC,35,Almacen 2
38909,1034,1000,10/09/2020,Salida,15,792,"Salida simulada",HFC,35,Almacen 2
38908,1034,1001,13/09/2020,Salida,28,792,"Salida simulada",HFC,35,Almacen 2
5071,1034,1000,14/09/2020,Entrada,49,812,"Ingreso simulado",HFC,35,Almacen 2
38907,1034,1001,20/09/2020,Salida,23,792,"Salida simulada",HFC,35,Almacen 2
38906,1034,1000,21/09/2020,Salida,22,792,"Salida simulada",HFC,35,Almacen 2
38905,1034,1000,23/09/2020,Salida,25,792,"Salida simulada",HFC,35,Almacen 2
38904,1034,1000,25/09/2020,Salida,24,792,"Salida simulada",HFC,35,Almacen 2
5070,1034,1000,25/09/2020,Entrada,50,812,"Ingreso simulado",HFC,35,Almacen 2
5069,1034,1001,27/09/2020,Entrada,53,812,"Ingreso simulado",HFC,35,Almacen 2
5068,1034,1001,28/09/2020,Entrada,52,812,"Ingreso simulado",HFC,35,Almacen 2
5067,1034,1001,02/10/2020,Entrada,39,812,"Ingreso simulado",HFC,35,Almacen 2
38903,1034,1001,05/10/2020,Salida,20,792,"Salida simulada",HFC,35,Almacen 2
38902,1034,1000,07/10/2020,Salida,21,792,"Salida simulada",HFC,35,Almacen 2
38901,1034,1001,08/10/2020,Salida,21,792,"Salida simulada",HFC,35,Almacen 2
38900,1034,1000,09/10/2020,Salida,22,792,"Salida simulada",HFC,35,Almacen 2
38899,1034,1000,15/10/2020,Salida,27,792,"Salida simulada",HFC,35,Almacen 2
38898,1034,1001,17/10/2020,Salida,21,792,"Salida simulada",HFC,35,Almacen 2
38897,1034,1000,19/10/2020,Salida,23,792,"Salida simulada",HFC,35,Almacen 2
38896,1034,1000,20/10/2020,Salida,15,792,"Salida simulada",HFC,35,Almacen 2
38895,1034,1001,21/10/2020,Salida,28,792,"Salida simulada",HFC,35,Almacen 2
38894,1034,1000,26/10/2020,Salida,26,792,"Salida simulada",HFC,35,Almacen 2
38893,1034,1000,03/11/2020,Salida,20,792,"Salida simulada",HFC,35,Almacen 2
5066,1034,1001,03/11/2020,Entrada,46,812,"Ingreso simulado",HFC,35,Almacen 2
38892,1034,1001,04/11/2020,Salida,15,792,"Salida simulada",HFC,35,Almacen 2
38891,1034,1000,08/11/2020,Salida,16,792,"Salida simulada",HFC,35,Almacen 2
38890,1034,1001,11/11/2020,Salida,26,792,"Salida simulada",HFC,35,Almacen 2
38889,1034,1001,14/11/2020,Salida,19,792,"Salida simulada",HFC,35,Almacen 2
38888,1034,1001,15/11/2020,Salida,20,792,"Salida simulada",HFC,35,Almacen 2
5065,1034,1001,17/11/2020,Entrada,59,812,"Ingreso simulado",HFC,35,Almacen 2
38887,1034,1001,19/11/2020,Salida,15,792,"Salida simulada",HFC,35,Almacen 2
38886,1034,1001,25/11/2020,Salida,21,792,"Salida simulada",HFC,35,Almacen 2
38885,1034,1001,26/11/2020,Salida,25,792,"Salida simulada",HFC,35,Almacen 2
38884,1034,1000,27/11/2020,Salida,19,792,"Salida simulada",HFC,35,Almacen 2
38883,1034,1000,28/11/2020,Salida,18,792,"Salida simulada",HFC,35,Almacen 2
38882,1034,1001,02/12/2020,Salida,35,792,"Salida simulada",HFC,35,Almacen 2
5064,1034,1001,02/12/2020,Entrada,53,812,"Ingreso simulado",HFC,35,Almacen 2
5063,1034,1000,09/12/2020,Entrada,47,812,"Ingreso simulado",HFC,35,Almacen 2
5062,1034,1000,10/12/2020,Entrada,42,812,"Ingreso simulado",HFC,35,Almacen 2
38881,1034,1000,13/12/2020,Salida,18,792,"Salida simulada",HFC,35,Almacen 2
38880,1034,1001,17/12/2020,Salida,17,792,"Salida simulada",HFC,35,Almacen 2
38879,1034,1000,18/12/2020,Salida,17,792,"Salida simulada",HFC,35,Almacen 2
38878,1034,1001,23/12/2020,Salida,16,792,"Salida simulada",HFC,35,Almacen 2
38877,1034,1000,24/12/2020,Salida,21,792,"Salida simulada",HFC,35,Almacen 2
38876,1034,1001,30/12/2020,Salida,18,792,"Salida simulada",HFC,35,Almacen 2
38875,1034,1001,05/01/2021,Salida,13,792,"Salida simulada",HFC,35,Almacen 2
5061,1034,1000,07/01/2021,Entrada,63,812,"Ingreso simulado",HFC,35,Almacen 2
38874,1034,1000,13/01/2021,Salida,24,792,"Salida simulada",HFC,35,Almacen 2
5060,1034,1000,14/01/2021,Entrada,49,812,"Ingreso simulado",HFC,35,Almacen 2
38873,1034,1000,16/01/2021,Salida,13,792,"Salida simulada",HFC,35,Almacen 2
38872,1034,1001,17/01/2021,Salida,38,792,"Salida simulada",HFC,35,Almacen 2
5059,1034,1001,19/01/2021,Entrada,44,812,"Ingreso simulado",HFC,35,Almacen 2
38871,1034,1000,22/01/2021,Salida,16,792,"Salida simulada",HFC,35,Almacen 2
38870,1034,1001,27/01/2021,Salida,23,792,"Salida simulada",HFC,35,Almacen 2
38869,1034,1001,28/01/2021,Salida,21,792,"Salida simulada",HFC,35,Almacen 2
38868,1034,1001,29/01/2021,Salida,13,792,"Salida simulada",HFC,35,Almacen 2
5058,1034,1001,29/01/2021,Entrada,42,812,"Ingreso simulado",HFC,35,Almacen 2
38867,1034,1001,31/01/2021,Salida,18,792,"Salida simulada",HFC,35,Almacen 2
38866,1034,1000,07/02/2021,Salida,16,792,"Salida simulada",HFC,35,Almacen 2
5057,1034,1000,08/02/2021,Entrada,37,812,"Ingreso simulado",HFC,35,Almacen 2
38865,1034,1001,09/02/2021,Salida,25,792,"Salida simulada",HFC,35,Almacen 2
5056,1034,1001,10/02/2021,Entrada,43,812,"Ingreso simulado",HFC,35,Almacen 2
38864,1034,1001,16/02/2021,Salida,10,792,"Salida simulada",HFC,35,Almacen 2
38863,1034,1000,17/02/2021,Salida,24,792,"Salida simulada",HFC,35,Almacen 2
38862,1034,1001,18/02/2021,Salida,16,792,"Salida simulada",HFC,35,Almacen 2
5055,1034,1000,18/02/2021,Entrada,58,812,"Ingreso simulado",HFC,35,Almacen 2
38861,1034,1001,21/02/2021,Salida,16,792,"Salida simulada",HFC,35,Almacen 2
5054,1034,1000,23/02/2021,Entrada,46,812,"Ingreso simulado",HFC,35,Almacen 2
38860,1034,1001,25/02/2021,Salida,14,792,"Salida simulada",HFC,35,Almacen 2
38859,1034,1000,26/02/2021,Salida,17,792,"Salida simulada",HFC,35,Almacen 2
5053,1034,1000,26/02/2021,Entrada,42,812,"Ingreso simulado",HFC,35,Almacen 2
5052,1034,1000,27/02/2021,Entrada,49,812,"Ingreso simulado",HFC,35,Almacen 2
38858,1034,1001,01/03/2021,Salida,19,792,"Salida simulada",HFC,35,Almacen 2
38857,1034,1001,02/03/2021,Salida,21,792,"Salida simulada",HFC,35,Almacen 2
5051,1034,1000,02/03/2021,Entrada,44,812,"Ingreso simulado",HFC,35,Almacen 2
38856,1034,1001,03/03/2021,Salida,21,792,"Salida simulada",HFC,35,Almacen 2
38855,1034,1001,07/03/2021,Salida,15,792,"Salida simulada",HFC,35,Almacen 2
38854,1034,1000,09/03/2021,Salida,23,792,"Salida simulada",HFC,35,Almacen 2
38853,1034,1001,10/03/2021,Salida,17,792,"Salida simulada",HFC,35,Almacen 2
38852,1034,1001,12/03/2021,Salida,28,792,"Salida simulada",HFC,35,Almacen 2
38851,1034,1001,15/03/2021,Salida,18,792,"Salida simulada",HFC,35,Almacen 2
38850,1034,1001,16/03/2021,Salida,21,792,"Salida simulada",HFC,35,Almacen 2
38849,1034,1000,18/03/2021,Salida,18,792,"Salida simulada",HFC,35,Almacen 2
38848,1034,1000,19/03/2021,Salida,24,792,"Salida simulada",HFC,35,Almacen 2
38847,1034,1001,23/03/2021,Salida,15,792,"Salida simulada",HFC,35,Almacen 2
38846,1034,1001,29/03/2021,Salida,14,792,"Salida simulada",HFC,35,Almacen 2
5050,1034,1000,29/03/2021,Entrada,41,812,"Ingreso simulado",HFC,35,Almacen 2
38845,1034,1001,02/04/2021,Salida,13,792,"Salida simulada",HFC,35,Almacen 2
5049,1034,1000,03/04/2021,Entrada,62,812,"Ingreso simulado",HFC,35,Almacen 2
38844,1034,1000,04/04/2021,Salida,14,792,"Salida simulada",HFC,35,Almacen 2
38843,1034,1000,06/04/2021,Salida,23,792,"Salida simulada",HFC,35,Almacen 2
5048,1034,1001,06/04/2021,Entrada,52,812,"Ingreso simulado",HFC,35,Almacen 2
38842,1034,1001,12/04/2021,Salida,19,792,"Salida simulada",HFC,35,Almacen 2
38841,1034,1001,19/04/2021,Salida,17,792,"Salida simulada",HFC,35,Almacen 2
5047,1034,1001,21/04/2021,Entrada,44,812,"Ingreso simulado",HFC,35,Almacen 2
38840,1034,1001,23/04/2021,Salida,34,792,"Salida simulada",HFC,35,Almacen 2
38839,1034,1000,24/04/2021,Salida,20,792,"Salida simulada",HFC,35,Almacen 2
38838,1034,1001,27/04/2021,Salida,23,792,"Salida simulada",HFC,35,Almacen 2
38837,1034,1000,28/04/2021,Salida,17,792,"Salida simulada",HFC,35,Almacen 2
5046,1034,1001,29/04/2021,Entrada,57,812,"Ingreso simulado",HFC,35,Almacen 2
38836,1034,1000,29/04/2021,Salida,9,792,"Salida simulada",HFC,35,Almacen 2
5045,1034,1001,01/05/2021,Entrada,54,812,"Ingreso simulado",HFC,35,Almacen 2
38835,1034,1000,05/05/2021,Salida,12,792,"Salida simulada",HFC,35,Almacen 2
38834,1034,1000,09/05/2021,Salida,22,792,"Salida simulada",HFC,35,Almacen 2
38833,1034,1000,12/05/2021,Salida,15,792,"Salida simulada",HFC,35,Almacen 2
38832,1034,1000,14/05/2021,Salida,23,792,"Salida simulada",HFC,35,Almacen 2
5044,1034,1000,21/05/2021,Entrada,52,812,"Ingreso simulado",HFC,35,Almacen 2
38831,1034,1000,26/05/2021,Salida,22,792,"Salida simulada",HFC,35,Almacen 2
38830,1034,1001,27/05/2021,Salida,23,792,"Salida simulada",HFC,35,Almacen 2
38829,1034,1000,29/05/2021,Salida,15,792,"Salida simulada",HFC,35,Almacen 2
5043,1034,1001,29/05/2021,Entrada,52,812,"Ingreso simulado",HFC,35,Almacen 2
38828,1034,1000,30/05/2021,Salida,18,792,"Salida simulada",HFC,35,Almacen 2
5042,1034,1001,31/05/2021,Entrada,56,812,"Ingreso simulado",HFC,35,Almacen 2
38827,1034,1001,31/05/2021,Salida,23,792,"Salida simulada",HFC,35,Almacen 2
38826,1034,1000,05/06/2021,Salida,19,792,"Salida simulada",HFC,35,Almacen 2
38825,1034,1001,06/06/2021,Salida,20,792,"Salida simulada",HFC,35,Almacen 2
38824,1034,1001,07/06/2021,Salida,21,792,"Salida simulada",HFC,35,Almacen 2
38823,1034,1001,08/06/2021,Salida,26,792,"Salida simulada",HFC,35,Almacen 2
5041,1034,1001,10/06/2021,Entrada,41,812,"Ingreso simulado",HFC,35,Almacen 2
38822,1034,1001,10/06/2021,Salida,24,792,"Salida simulada",HFC,35,Almacen 2
38821,1034,1000,11/06/2021,Salida,23,792,"Salida simulada",HFC,35,Almacen 2
5040,1034,1000,16/06/2021,Entrada,37,812,"Ingreso simulado",HFC,35,Almacen 2
5039,1034,1000,19/06/2021,Entrada,50,812,"Ingreso simulado",HFC,35,Almacen 2
5038,1034,1000,21/06/2021,Entrada,55,812,"Ingreso simulado",HFC,35,Almacen 2
5037,1034,1001,23/06/2021,Entrada,54,812,"Ingreso simulado",HFC,35,Almacen 2
38820,1034,1000,25/06/2021,Salida,23,792,"Salida simulada",HFC,35,Almacen 2
5036,1034,1001,25/06/2021,Entrada,53,812,"Ingreso simulado",HFC,35,Almacen 2
5035,1034,1000,26/06/2021,Entrada,57,812,"Ingreso simulado",HFC,35,Almacen 2
38819,1034,1001,27/06/2021,Salida,21,792,"Salida simulada",HFC,35,Almacen 2
38818,1034,1001,29/06/2021,Salida,22,792,"Salida simulada",HFC,35,Almacen 2
38817,1034,1000,04/07/2021,Salida,23,792,"Salida simulada",HFC,35,Almacen 2
38816,1034,1000,07/07/2021,Salida,17,792,"Salida simulada",HFC,35,Almacen 2
38815,1034,1000,08/07/2021,Salida,17,792,"Salida simulada",HFC,35,Almacen 2
38814,1034,1000,14/07/2021,Salida,21,792,"Salida simulada",HFC,35,Almacen 2
5034,1034,1000,17/07/2021,Entrada,49,812,"Ingreso simulado",HFC,35,Almacen 2
38813,1034,1001,18/07/2021,Salida,21,792,"Salida simulada",HFC,35,Almacen 2
5033,1034,1000,18/07/2021,Entrada,45,812,"Ingreso simulado",HFC,35,Almacen 2
38812,1034,1000,21/07/2021,Salida,18,792,"Salida simulada",HFC,35,Almacen 2
38811,1034,1001,26/07/2021,Salida,24,792,"Salida simulada",HFC,35,Almacen 2
38810,1034,1001,28/07/2021,Salida,13,792,"Salida simulada",HFC,35,Almacen 2
38809,1034,1001,29/07/2021,Salida,12,792,"Salida simulada",HFC,35,Almacen 2
5032,1034,1001,01/08/2021,Entrada,59,812,"Ingreso simulado",HFC,35,Almacen 2
38808,1034,1000,01/08/2021,Salida,19,792,"Salida simulada",HFC,35,Almacen 2
38807,1034,1000,10/08/2021,Salida,19,792,"Salida simulada",HFC,35,Almacen 2
38806,1034,1001,14/08/2021,Salida,15,792,"Salida simulada",HFC,35,Almacen 2
38805,1034,1000,16/08/2021,Salida,18,792,"Salida simulada",HFC,35,Almacen 2
38804,1034,1001,18/08/2021,Salida,31,792,"Salida simulada",HFC,35,Almacen 2
5031,1034,1001,18/08/2021,Entrada,54,812,"Ingreso simulado",HFC,35,Almacen 2
38803,1034,1000,19/08/2021,Salida,19,792,"Salida simulada",HFC,35,Almacen 2
38802,1034,1000,21/08/2021,Salida,28,792,"Salida simulada",HFC,35,Almacen 2
38801,1034,1000,24/08/2021,Salida,16,792,"Salida simulada",HFC,35,Almacen 2
38800,1034,1001,28/08/2021,Salida,27,792,"Salida simulada",HFC,35,Almacen 2
5030,1034,1001,30/08/2021,Entrada,51,812,"Ingreso simulado",HFC,35,Almacen 2
5029,1034,1001,31/08/2021,Entrada,43,812,"Ingreso simulado",HFC,35,Almacen 2
38799,1034,1001,03/09/2021,Salida,14,792,"Salida simulada",HFC,35,Almacen 2
5028,1034,1001,04/09/2021,Entrada,58,812,"Ingreso simulado",HFC,35,Almacen 2
38798,1034,1000,05/09/2021,Salida,21,792,"Salida simulada",HFC,35,Almacen 2
38797,1034,1001,06/09/2021,Salida,20,792,"Salida simulada",HFC,35,Almacen 2
5027,1034,1001,06/09/2021,Entrada,57,812,"Ingreso simulado",HFC,35,Almacen 2
38796,1034,1000,07/09/2021,Salida,15,792,"Salida simulada",HFC,35,Almacen 2
5026,1034,1000,08/09/2021,Entrada,38,812,"Ingreso simulado",HFC,35,Almacen 2
5025,1034,1001,11/09/2021,Entrada,56,812,"Ingreso simulado",HFC,35,Almacen 2
38795,1034,1000,14/09/2021,Salida,20,792,"Salida simulada",HFC,35,Almacen 2
38794,1034,1001,16/09/2021,Salida,22,792,"Salida simulada",HFC,35,Almacen 2
38793,1034,1000,21/09/2021,Salida,26,792,"Salida simulada",HFC,35,Almacen 2
5024,1034,1000,23/09/2021,Entrada,44,812,"Ingreso simulado",HFC,35,Almacen 2
38792,1034,1001,26/09/2021,Salida,24,792,"Salida simulada",HFC,35,Almacen 2
5023,1034,1000,27/09/2021,Entrada,42,812,"Ingreso simulado",HFC,35,Almacen 2
38791,1034,1000,29/09/2021,Salida,19,792,"Salida simulada",HFC,35,Almacen 2
5022,1034,1000,30/09/2021,Entrada,55,812,"Ingreso simulado",HFC,35,Almacen 2
38790,1034,1001,30/09/2021,Salida,29,792,"Salida simulada",HFC,35,Almacen 2
38789,1034,1001,07/10/2021,Salida,25,792,"Salida simulada",HFC,35,Almacen 2
38788,1034,1000,09/10/2021,Salida,18,792,"Salida simulada",HFC,35,Almacen 2
38787,1034,1001,11/10/2021,Salida,17,792,"Salida simulada",HFC,35,Almacen 2
38786,1034,1000,16/10/2021,Salida,23,792,"Salida simulada",HFC,35,Almacen 2
38785,1034,1001,17/10/2021,Salida,20,792,"Salida simulada",HFC,35,Almacen 2
5021,1034,1000,18/10/2021,Entrada,48,812,"Ingreso simulado",HFC,35,Almacen 2
38784,1034,1000,19/10/2021,Salida,30,792,"Salida simulada",HFC,35,Almacen 2
5020,1034,1001,21/10/2021,Entrada,50,812,"Ingreso simulado",HFC,35,Almacen 2
38783,1034,1001,22/10/2021,Salida,26,792,"Salida simulada",HFC,35,Almacen 2
5019,1034,1000,24/10/2021,Entrada,59,812,"Ingreso simulado",HFC,35,Almacen 2
38782,1034,1001,24/10/2021,Salida,21,792,"Salida simulada",HFC,35,Almacen 2
5018,1034,1001,28/10/2021,Entrada,37,812,"Ingreso simulado",HFC,35,Almacen 2
38781,1034,1000,29/10/2021,Salida,15,792,"Salida simulada",HFC,35,Almacen 2
38780,1034,1000,30/10/2021,Salida,16,792,"Salida simulada",HFC,35,Almacen 2
38779,1034,1001,01/11/2021,Salida,14,792,"Salida simulada",HFC,35,Almacen 2
38778,1034,1001,02/11/2021,Salida,19,792,"Salida simulada",HFC,35,Almacen 2
38777,1034,1001,03/11/2021,Salida,16,792,"Salida simulada",HFC,35,Almacen 2
38776,1034,1001,06/11/2021,Salida,15,792,"Salida simulada",HFC,35,Almacen 2
38775,1034,1000,07/11/2021,Salida,27,792,"Salida simulada",HFC,35,Almacen 2
38774,1034,1001,10/11/2021,Salida,18,792,"Salida simulada",HFC,35,Almacen 2
38773,1034,1000,14/11/2021,Salida,25,792,"Salida simulada",HFC,35,Almacen 2
38772,1034,1001,18/11/2021,Salida,16,792,"Salida simulada",HFC,35,Almacen 2
38771,1034,1001,19/11/2021,Salida,17,792,"Salida simulada",HFC,35,Almacen 2
5017,1034,1001,19/11/2021,Entrada,49,812,"Ingreso simulado",HFC,35,Almacen 2
38770,1034,1000,20/11/2021,Salida,23,792,"Salida simulada",HFC,35,Almacen 2
5016,1034,1000,21/11/2021,Entrada,49,812,"Ingreso simulado",HFC,35,Almacen 2
5015,1034,1001,25/11/2021,Entrada,55,812,"Ingreso simulado",HFC,35,Almacen 2
38769,1034,1001,26/11/2021,Salida,19,792,"Salida simulada",HFC,35,Almacen 2
38768,1034,1001,28/11/2021,Salida,26,792,"Salida simulada",HFC,35,Almacen 2
38767,1034,1000,30/11/2021,Salida,21,792,"Salida simulada",HFC,35,Almacen 2
38766,1034,1000,02/12/2021,Salida,20,792,"Salida simulada",HFC,35,Almacen 2
38765,1034,1001,03/12/2021,Salida,32,792,"Salida simulada",HFC,35,Almacen 2
38764,1034,1000,06/12/2021,Salida,22,792,"Salida simulada",HFC,35,Almacen 2
5014,1034,1000,08/12/2021,Entrada,51,812,"Ingreso simulado",HFC,35,Almacen 2
38763,1034,1000,10/12/2021,Salida,18,792,"Salida simulada",HFC,35,Almacen 2
38762,1034,1000,17/12/2021,Salida,17,792,"Salida simulada",HFC,35,Almacen 2
38761,1034,1001,19/12/2021,Salida,17,792,"Salida simulada",HFC,35,Almacen 2
5013,1034,1001,19/12/2021,Entrada,59,812,"Ingreso simulado",HFC,35,Almacen 2
5012,1034,1001,27/12/2021,Entrada,37,812,"Ingreso simulado",HFC,35,Almacen 2
38760,1034,1000,28/12/2021,Salida,14,792,"Salida simulada",HFC,35,Almacen 2
38759,1034,1000,29/12/2021,Salida,24,792,"Salida simulada",HFC,35,Almacen 2
38758,1034,1000,30/12/2021,Salida,19,792,"Salida simulada",HFC,35,Almacen 2
38757,1034,1000,03/01/2022,Salida,23,792,"Salida simulada",HFC,35,Almacen 2
5011,1034,1001,04/01/2022,Entrada,54,812,"Ingreso simulado",HFC,35,Almacen 2
5010,1034,1000,07/01/2022,Entrada,47,812,"Ingreso simulado",HFC,35,Almacen 2
38756,1034,1001,10/01/2022,Salida,19,792,"Salida simulada",HFC,35,Almacen 2
38755,1034,1000,12/01/2022,Salida,20,792,"Salida simulada",HFC,35,Almacen 2
38754,1034,1000,15/01/2022,Salida,18,792,"Salida simulada",HFC,35,Almacen 2
38753,1034,1000,16/01/2022,Salida,17,792,"Salida simulada",HFC,35,Almacen 2
5009,1034,1000,18/01/2022,Entrada,57,812,"Ingreso simulado",HFC,35,Almacen 2
38752,1034,1000,19/01/2022,Salida,15,792,"Salida simulada",HFC,35,Almacen 2
38751,1034,1001,20/01/2022,Salida,14,792,"Salida simulada",HFC,35,Almacen 2
38750,1034,1000,26/01/2022,Salida,20,792,"Salida simulada",HFC,35,Almacen 2
38749,1034,1001,27/01/2022,Salida,27,792,"Salida simulada",HFC,35,Almacen 2
38748,1034,1000,30/01/2022,Salida,26,792,"Salida simulada",HFC,35,Almacen 2
38747,1034,1000,31/01/2022,Salida,24,792,"Salida simulada",HFC,35,Almacen 2
38746,1034,1000,02/02/2022,Salida,22,792,"Salida simulada",HFC,35,Almacen 2
38745,1034,1000,03/02/2022,Salida,25,792,"Salida simulada",HFC,35,Almacen 2
38744,1034,1001,07/02/2022,Salida,12,792,"Salida simulada",HFC,35,Almacen 2
38743,1034,1001,08/02/2022,Salida,13,792,"Salida simulada",HFC,35,Almacen 2
38742,1034,1001,10/02/2022,Salida,15,792,"Salida simulada",HFC,35,Almacen 2
38741,1034,1000,14/02/2022,Salida,17,792,"Salida simulada",HFC,35,Almacen 2
5008,1034,1000,26/02/2022,Entrada,59,812,"Ingreso simulado",HFC,35,Almacen 2
38740,1034,1000,28/02/2022,Salida,24,792,"Salida simulada",HFC,35,Almacen 2
38739,1034,1001,02/03/2022,Salida,21,792,"Salida simulada",HFC,35,Almacen 2
38738,1034,1000,03/03/2022,Salida,14,792,"Salida simulada",HFC,35,Almacen 2
5007,1034,1000,09/03/2022,Entrada,49,812,"Ingreso simulado",HFC,35,Almacen 2
38737,1034,1000,13/03/2022,Salida,24,792,"Salida simulada",HFC,35,Almacen 2
38736,1034,1001,25/03/2022,Salida,16,792,"Salida simulada",HFC,35,Almacen 2
38735,1034,1000,27/03/2022,Salida,9,792,"Salida simulada",HFC,35,Almacen 2
5006,1034,1001,28/03/2022,Entrada,43,812,"Ingreso simulado",HFC,35,Almacen 2
38734,1034,1001,29/03/2022,Salida,18,792,"Salida simulada",HFC,35,Almacen 2
38733,1034,1001,04/04/2022,Salida,22,792,"Salida simulada",HFC,35,Almacen 2
38732,1034,1001,09/04/2022,Salida,3,792,"Salida simulada",HFC,35,Almacen 2
5005,1034,1000,17/04/2022,Entrada,38,812,"Ingreso simulado",HFC,35,Almacen 2
38731,1034,1000,20/04/2022,Salida,24,792,"Salida simulada",HFC,35,Almacen 2
5004,1034,1001,25/04/2022,Entrada,48,812,"Ingreso simulado",HFC,35,Almacen 2
38730,1034,1000,27/04/2022,Salida,22,792,"Salida simulada",HFC,35,Almacen 2
38729,1034,1001,28/04/2022,Salida,24,792,"Salida simulada",HFC,35,Almacen 2
38728,1034,1001,04/05/2022,Salida,16,792,"Salida simulada",HFC,35,Almacen 2
5003,1034,1000,12/05/2022,Entrada,58,812,"Ingreso simulado",HFC,35,Almacen 2
38727,1034,1000,12/05/2022,Salida,21,792,"Salida simulada",HFC,35,Almacen 2
5002,1034,1001,13/05/2022,Entrada,60,812,"Ingreso simulado",HFC,35,Almacen 2
38726,1034,1001,13/05/2022,Salida,22,792,"Salida simulada",HFC,35,Almacen 2
38725,1034,1001,14/05/2022,Salida,23,792,"Salida simulada",HFC,35,Almacen 2
38724,1034,1001,15/05/2022,Salida,20,792,"Salida simulada",HFC,35,Almacen 2
5001,1034,1001,15/05/2022,Entrada,51,812,"Ingreso simulado",HFC,35,Almacen 2
5000,1034,1000,18/05/2022,Entrada,37,812,"Ingreso simulado",HFC,35,Almacen 2
38723,1034,1001,19/05/2022,Salida,23,792,"Salida simulada",HFC,35,Almacen 2
4999,1034,1001,21/05/2022,Entrada,45,812,"Ingreso simulado",HFC,35,Almacen 2
38722,1034,1001,22/05/2022,Salida,20,792,"Salida simulada",HFC,35,Almacen 2
38721,1034,1000,25/05/2022,Salida,14,792,"Salida simulada",HFC,35,Almacen 2
38720,1034,1001,31/05/2022,Salida,16,792,"Salida simulada",HFC,35,Almacen 2
38719,1034,1001,03/06/2022,Salida,20,792,"Salida simulada",HFC,35,Almacen 2
38718,1034,1000,04/06/2022,Salida,17,792,"Salida simulada",HFC,35,Almacen 2
38717,1034,1001,05/06/2022,Salida,16,792,"Salida simulada",HFC,35,Almacen 2
38716,1034,1000,07/06/2022,Salida,21,792,"Salida simulada",HFC,35,Almacen 2
4998,1034,1001,10/06/2022,Entrada,40,812,"Ingreso simulado",HFC,35,Almacen 2
38715,1034,1000,14/06/2022,Salida,15,792,"Salida simulada",HFC,35,Almacen 2
38714,1034,1000,15/06/2022,Salida,24,792,"Salida simulada",HFC,35,Almacen 2
38713,1034,1000,20/06/2022,Salida,18,792,"Salida simulada",HFC,35,Almacen 2
38712,1034,1001,21/06/2022,Salida,1,792,"Salida simulada",HFC,35,Almacen 2
38711,1034,1000,19/07/2022,Salida,25,792,"Salida simulada",HFC,35,Almacen 2
4997,1034,1000,19/07/2022,Entrada,47,812,"Ingreso simulado",HFC,35,Almacen 2
38710,1034,1001,22/07/2022,Salida,22,792,"Salida simulada",HFC,35,Almacen 2
38709,1034,1001,12/08/2022,Salida,17,792,"Salida simulada",HFC,35,Almacen 2
4996,1034,1001,12/08/2022,Entrada,54,812,"Ingreso simulado",HFC,35,Almacen 2
4995,1034,1001,14/08/2022,Entrada,55,812,"Ingreso simulado",HFC,35,Almacen 2
4994,1034,1001,15/08/2022,Entrada,57,812,"Ingreso simulado",HFC,35,Almacen 2
4993,1034,1000,18/08/2022,Entrada,48,812,"Ingreso simulado",HFC,35,Almacen 2
38708,1034,1001,19/08/2022,Salida,24,792,"Salida simulada",HFC,35,Almacen 2
4992,1034,1001,21/08/2022,Entrada,52,812,"Ingreso simulado",HFC,35,Almacen 2
38707,1034,1000,22/08/2022,Salida,24,792,"Salida simulada",HFC,35,Almacen 2
38706,1034,1000,23/08/2022,Salida,18,792,"Salida simulada",HFC,35,Almacen 2
38705,1034,1001,24/08/2022,Salida,19,792,"Salida simulada",HFC,35,Almacen 2
38704,1034,1000,28/08/2022,Salida,16,792,"Salida simulada",HFC,35,Almacen 2
38703,1034,1000,03/09/2022,Salida,18,792,"Salida simulada",HFC,35,Almacen 2
38702,1034,1001,10/09/2022,Salida,20,792,"Salida simulada",HFC,35,Almacen 2
38701,1034,1000,11/09/2022,Salida,18,792,"Salida simulada",HFC,35,Almacen 2
38700,1034,1000,16/09/2022,Salida,26,792,"Salida simulada",HFC,35,Almacen 2
38699,1034,1000,17/09/2022,Salida,16,792,"Salida simulada",HFC,35,Almacen 2
38698,1034,1000,23/09/2022,Salida,24,792,"Salida simulada",HFC,35,Almacen 2
38697,1034,1000,24/09/2022,Salida,19,792,"Salida simulada",HFC,35,Almacen 2
4991,1034,1000,25/09/2022,Entrada,38,812,"Ingreso simulado",HFC,35,Almacen 2
38696,1034,1001,29/09/2022,Salida,23,792,"Salida simulada",HFC,35,Almacen 2
38695,1034,1001,30/09/2022,Salida,22,792,"Salida simulada",HFC,35,Almacen 2
4990,1034,1000,17/10/2022,Entrada,50,812,"Ingreso simulado",HFC,35,Almacen 2
38694,1034,1000,18/10/2022,Salida,27,792,"Salida simulada",HFC,35,Almacen 2
38693,1034,1001,21/10/2022,Salida,24,792,"Salida simulada",HFC,35,Almacen 2
4989,1034,1001,21/10/2022,Entrada,61,812,"Ingreso simulado",HFC,35,Almacen 2
38692,1034,1000,24/10/2022,Salida,18,792,"Salida simulada",HFC,35,Almacen 2
38691,1034,1000,25/10/2022,Salida,24,792,"Salida simulada",HFC,35,Almacen 2
38690,1034,1001,26/10/2022,Salida,18,792,"Salida simulada",HFC,35,Almacen 2
4988,1034,1001,27/10/2022,Entrada,52,812,"Ingreso simulado",HFC,35,Almacen 2
4987,1034,1001,30/10/2022,Entrada,54,812,"Ingreso simulado",HFC,35,Almacen 2
38689,1034,1001,01/11/2022,Salida,21,792,"Salida simulada",HFC,35,Almacen 2
38688,1034,1001,02/11/2022,Salida,16,792,"Salida simulada",HFC,35,Almacen 2
38687,1034,1000,04/11/2022,Salida,17,792,"Salida simulada",HFC,35,Almacen 2
38686,1034,1001,07/11/2022,Salida,9,792,"Salida simulada",HFC,35,Almacen 2
38685,1034,1001,09/11/2022,Salida,25,792,"Salida simulada",HFC,35,Almacen 2
4986,1034,1001,11/11/2022,Entrada,43,812,"Ingreso simulado",HFC,35,Almacen 2
38684,1034,1001,11/11/2022,Salida,21,792,"Salida simulada",HFC,35,Almacen 2
4985,1034,1001,12/11/2022,Entrada,61,812,"Ingreso simulado",HFC,35,Almacen 2
4984,1034,1000,13/11/2022,Entrada,55,812,"Ingreso simulado",HFC,35,Almacen 2
38683,1034,1000,13/11/2022,Salida,25,792,"Salida simulada",HFC,35,Almacen 2
38682,1034,1001,14/11/2022,Salida,18,792,"Salida simulada",HFC,35,Almacen 2
38681,1034,1001,15/11/2022,Salida,14,792,"Salida simulada",HFC,35,Almacen 2
4983,1034,1000,23/11/2022,Entrada,45,812,"Ingreso simulado",HFC,35,Almacen 2
38680,1034,1000,25/11/2022,Salida,22,792,"Salida simulada",HFC,35,Almacen 2
38679,1034,1000,27/11/2022,Salida,12,792,"Salida simulada",HFC,35,Almacen 2
38678,1034,1000,30/11/2022,Salida,27,792,"Salida simulada",HFC,35,Almacen 2
38677,1034,1001,01/12/2022,Salida,18,792,"Salida simulada",HFC,35,Almacen 2
38676,1034,1001,05/12/2022,Salida,20,792,"Salida simulada",HFC,35,Almacen 2
4982,1034,1001,08/12/2022,Entrada,51,812,"Ingreso simulado",HFC,35,Almacen 2
38675,1034,1000,10/12/2022,Salida,18,792,"Salida simulada",HFC,35,Almacen 2
38674,1034,1000,12/12/2022,Salida,18,792,"Salida simulada",HFC,35,Almacen 2
38673,1034,1001,18/12/2022,Salida,22,792,"Salida simulada",HFC,35,Almacen 2
38672,1034,1000,20/12/2022,Salida,23,792,"Salida simulada",HFC,35,Almacen 2
38671,1034,1001,22/12/2022,Salida,15,792,"Salida simulada",HFC,35,Almacen 2
4981,1034,1000,29/12/2022,Entrada,57,812,"Ingreso simulado",HFC,35,Almacen 2
38670,1034,1001,31/12/2022,Salida,26,792,"Salida simulada",HFC,35,Almacen 2
38669,1034,1000,02/01/2023,Salida,30,792,"Salida simulada",HFC,35,Almacen 2
4980,1034,1000,04/01/2023,Entrada,45,812,"Ingreso simulado",HFC,35,Almacen 2
4979,1034,1000,06/01/2023,Entrada,61,812,"Ingreso simulado",HFC,35,Almacen 2
4978,1034,1001,11/01/2023,Entrada,48,812,"Ingreso simulado",HFC,35,Almacen 2
38668,1034,1001,15/01/2023,Salida,25,792,"Salida simulada",HFC,35,Almacen 2
38667,1034,1001,16/01/2023,Salida,23,792,"Salida simulada",HFC,35,Almacen 2
38666,1034,1001,18/01/2023,Salida,14,792,"Salida simulada",HFC,35,Almacen 2
38665,1034,1000,19/01/2023,Salida,28,792,"Salida simulada",HFC,35,Almacen 2
38664,1034,1001,20/01/2023,Salida,13,792,"Salida simulada",HFC,35,Almacen 2
38663,1034,1001,28/01/2023,Salida,24,792,"Salida simulada",HFC,35,Almacen 2
38662,1034,1000,30/01/2023,Salida,20,792,"Salida simulada",HFC,35,Almacen 2
38661,1034,1001,31/01/2023,Salida,8,792,"Salida simulada",HFC,35,Almacen 2
38660,1034,1000,12/02/2023,Salida,18,792,"Salida simulada",HFC,35,Almacen 2
4977,1034,1001,12/02/2023,Entrada,51,812,"Ingreso simulado",HFC,35,Almacen 2
38659,1034,1001,14/02/2023,Salida,23,792,"Salida simulada",HFC,35,Almacen 2
38658,1034,1001,18/02/2023,Salida,10,792,"Salida simulada",HFC,35,Almacen 2
4976,1034,1001,27/02/2023,Entrada,49,812,"Ingreso simulado",HFC,35,Almacen 2
38657,1034,1000,28/02/2023,Salida,20,792,"Salida simulada",HFC,35,Almacen 2
38656,1034,1000,02/03/2023,Salida,17,792,"Salida simulada",HFC,35,Almacen 2
38655,1034,1001,04/03/2023,Salida,12,792,"Salida simulada",HFC,35,Almacen 2
4975,1034,1001,19/03/2023,Entrada,49,812,"Ingreso simulado",HFC,35,Almacen 2
38654,1034,1000,20/03/2023,Salida,12,792,"Salida simulada",HFC,35,Almacen 2
38653,1034,1001,21/03/2023,Salida,21,792,"Salida simulada",HFC,35,Almacen 2
38652,1034,1001,28/03/2023,Salida,16,792,"Salida simulada",HFC,35,Almacen 2
4974,1034,1000,29/03/2023,Entrada,41,812,"Ingreso simulado",HFC,35,Almacen 2
38651,1034,1000,02/04/2023,Salida,21,792,"Salida simulada",HFC,35,Almacen 2
38650,1034,1000,03/04/2023,Salida,18,792,"Salida simulada",HFC,35,Almacen 2
4973,1034,1001,09/04/2023,Entrada,51,812,"Ingreso simulado",HFC,35,Almacen 2
38649,1034,1001,11/04/2023,Salida,18,792,"Salida simulada",HFC,35,Almacen 2
38648,1034,1001,12/04/2023,Salida,21,792,"Salida simulada",HFC,35,Almacen 2
38647,1034,1001,17/04/2023,Salida,14,792,"Salida simulada",HFC,35,Almacen 2
4972,1034,1001,24/04/2023,Entrada,48,812,"Ingreso simulado",HFC,35,Almacen 2
38646,1034,1001,24/04/2023,Salida,18,792,"Salida simulada",HFC,35,Almacen 2
38645,1034,1001,30/04/2023,Salida,25,792,"Salida simulada",HFC,35,Almacen 2
38644,1034,1000,01/05/2023,Salida,5,792,"Salida simulada",HFC,35,Almacen 2
38643,1034,1000,17/05/2023,Salida,21,792,"Salida simulada",HFC,35,Almacen 2
4971,1034,1001,17/05/2023,Entrada,46,812,"Ingreso simulado",HFC,35,Almacen 2
38642,1034,1001,19/05/2023,Salida,21,792,"Salida simulada",HFC,35,Almacen 2
4970,1034,1000,20/05/2023,Entrada,62,812,"Ingreso simulado",HFC,35,Almacen 2
38641,1034,1000,22/05/2023,Salida,30,792,"Salida simulada",HFC,35,Almacen 2
38640,1034,1001,23/05/2023,Salida,21,792,"Salida simulada",HFC,35,Almacen 2
38639,1034,1000,25/05/2023,Salida,15,792,"Salida simulada",HFC,35,Almacen 2
38638,1034,1001,31/05/2023,Salida,24,792,"Salida simulada",HFC,35,Almacen 2
4969,1034,1000,31/05/2023,Entrada,39,812,"Ingreso simulado",HFC,35,Almacen 2
38637,1034,1000,03/06/2023,Salida,15,792,"Salida simulada",HFC,35,Almacen 2
4968,1034,1001,07/06/2023,Entrada,57,812,"Ingreso simulado",HFC,35,Almacen 2
38636,1034,1000,09/06/2023,Salida,23,792,"Salida simulada",HFC,35,Almacen 2
38635,1034,1001,10/06/2023,Salida,17,792,"Salida simulada",HFC,35,Almacen 2
38634,1034,1000,12/06/2023,Salida,17,792,"Salida simulada",HFC,35,Almacen 2
4967,1034,1001,15/06/2023,Entrada,61,812,"Ingreso simulado",HFC,35,Almacen 2
38633,1034,1001,15/06/2023,Salida,17,792,"Salida simulada",HFC,35,Almacen 2
4966,1034,1001,17/06/2023,Entrada,57,812,"Ingreso simulado",HFC,35,Almacen 2
38632,1034,1001,18/06/2023,Salida,15,792,"Salida simulada",HFC,35,Almacen 2
38631,1034,1000,20/06/2023,Salida,14,792,"Salida simulada",HFC,35,Almacen 2
38630,1034,1000,21/06/2023,Salida,22,792,"Salida simulada",HFC,35,Almacen 2
4965,1034,1000,23/06/2023,Entrada,61,812,"Ingreso simulado",HFC,35,Almacen 2
38629,1034,1001,24/06/2023,Salida,18,792,"Salida simulada",HFC,35,Almacen 2
38628,1034,1000,25/06/2023,Salida,22,792,"Salida simulada",HFC,35,Almacen 2
4964,1034,1000,25/06/2023,Entrada,49,812,"Ingreso simulado",HFC,35,Almacen 2
38627,1034,1000,26/06/2023,Salida,21,792,"Salida simulada",HFC,35,Almacen 2
4963,1034,1000,27/06/2023,Entrada,48,812,"Ingreso simulado",HFC,35,Almacen 2
38626,1034,1000,30/06/2023,Salida,17,792,"Salida simulada",HFC,35,Almacen 2
4962,1034,1001,04/07/2023,Entrada,46,812,"Ingreso simulado",HFC,35,Almacen 2
38625,1034,1000,07/07/2023,Salida,21,792,"Salida simulada",HFC,35,Almacen 2
38624,1034,1001,08/07/2023,Salida,14,792,"Salida simulada",HFC,35,Almacen 2
38623,1034,1000,09/07/2023,Salida,22,792,"Salida simulada",HFC,35,Almacen 2
38622,1034,1001,10/07/2023,Salida,20,792,"Salida simulada",HFC,35,Almacen 2
38621,1034,1001,11/07/2023,Salida,22,792,"Salida simulada",HFC,35,Almacen 2
38620,1034,1001,15/07/2023,Salida,20,792,"Salida simulada",HFC,35,Almacen 2
38619,1034,1000,16/07/2023,Salida,25,792,"Salida simulada",HFC,35,Almacen 2
4961,1034,1000,19/07/2023,Entrada,58,812,"Ingreso simulado",HFC,35,Almacen 2
38618,1034,1001,19/07/2023,Salida,20,792,"Salida simulada",HFC,35,Almacen 2
38617,1034,1000,20/07/2023,Salida,23,792,"Salida simulada",HFC,35,Almacen 2
38616,1034,1000,21/07/2023,Salida,24,792,"Salida simulada",HFC,35,Almacen 2
38615,1034,1000,24/07/2023,Salida,20,792,"Salida simulada",HFC,35,Almacen 2
4960,1034,1000,25/07/2023,Entrada,57,812,"Ingreso simulado",HFC,35,Almacen 2
38614,1034,1000,29/07/2023,Salida,16,792,"Salida simulada",HFC,35,Almacen 2
38613,1034,1000,30/07/2023,Salida,24,792,"Salida simulada",HFC,35,Almacen 2
38612,1034,1001,01/08/2023,Salida,17,792,"Salida simulada",HFC,35,Almacen 2
38611,1034,1001,03/08/2023,Salida,3,792,"Salida simulada",HFC,35,Almacen 2
4959,1034,1001,14/08/2023,Entrada,43,812,"Ingreso simulado",HFC,35,Almacen 2
38610,1034,1000,23/08/2023,Salida,28,792,"Salida simulada",HFC,35,Almacen 2
38609,1034,1000,02/09/2023,Salida,15,792,"Salida simulada",HFC,35,Almacen 2
4958,1034,1000,17/09/2023,Entrada,52,812,"Ingreso simulado",HFC,35,Almacen 2
38608,1034,1001,17/09/2023,Salida,21,792,"Salida simulada",HFC,35,Almacen 2
38607,1034,1000,18/09/2023,Salida,26,792,"Salida simulada",HFC,35,Almacen 2
4957,1034,1001,20/09/2023,Entrada,50,812,"Ingreso simulado",HFC,35,Almacen 2
38606,1034,1001,21/09/2023,Salida,18,792,"Salida simulada",HFC,35,Almacen 2
38605,1034,1001,22/09/2023,Salida,13,792,"Salida simulada",HFC,35,Almacen 2
38604,1034,1000,24/09/2023,Salida,20,792,"Salida simulada",HFC,35,Almacen 2
4956,1034,1001,26/09/2023,Entrada,51,812,"Ingreso simulado",HFC,35,Almacen 2
38603,1034,1000,28/09/2023,Salida,32,792,"Salida simulada",HFC,35,Almacen 2
38602,1034,1001,30/09/2023,Salida,13,792,"Salida simulada",HFC,35,Almacen 2
38601,1034,1000,03/10/2023,Salida,10,792,"Salida simulada",HFC,35,Almacen 2
4955,1034,1000,08/10/2023,Entrada,47,812,"Ingreso simulado",HFC,35,Almacen 2
4954,1034,1001,09/10/2023,Entrada,45,812,"Ingreso simulado",HFC,35,Almacen 2
38600,1034,1001,10/10/2023,Salida,17,792,"Salida simulada",HFC,35,Almacen 2
38599,1034,1001,19/10/2023,Salida,21,792,"Salida simulada",HFC,35,Almacen 2
4953,1034,1000,20/10/2023,Entrada,54,812,"Ingreso simulado",HFC,35,Almacen 2
38598,1034,1001,20/10/2023,Salida,22,792,"Salida simulada",HFC,35,Almacen 2
4952,1034,1001,21/10/2023,Entrada,57,812,"Ingreso simulado",HFC,35,Almacen 2
38597,1034,1001,22/10/2023,Salida,16,792,"Salida simulada",HFC,35,Almacen 2
38596,1034,1001,24/10/2023,Salida,21,792,"Salida simulada",HFC,35,Almacen 2
4951,1034,1001,25/10/2023,Entrada,50,812,"Ingreso simulado",HFC,35,Almacen 2
38595,1034,1000,26/10/2023,Salida,25,792,"Salida simulada",HFC,35,Almacen 2
38594,1034,1001,27/10/2023,Salida,11,792,"Salida simulada",HFC,35,Almacen 2
38593,1034,1001,28/10/2023,Salida,29,792,"Salida simulada",HFC,35,Almacen 2
4950,1034,1000,31/10/2023,Entrada,52,812,"Ingreso simulado",HFC,35,Almacen 2
38592,1034,1001,03/11/2023,Salida,20,792,"Salida simulada",HFC,35,Almacen 2
4949,1034,1000,03/11/2023,Entrada,57,812,"Ingreso simulado",HFC,35,Almacen 2
4948,1034,1001,06/11/2023,Entrada,39,812,"Ingreso simulado",HFC,35,Almacen 2
38591,1034,1000,08/11/2023,Salida,29,792,"Salida simulada",HFC,35,Almacen 2
38590,1034,1000,09/11/2023,Salida,25,792,"Salida simulada",HFC,35,Almacen 2
4947,1034,1000,11/11/2023,Entrada,60,812,"Ingreso simulado",HFC,35,Almacen 2
38589,1034,1000,13/11/2023,Salida,20,792,"Salida simulada",HFC,35,Almacen 2
38588,1034,1000,14/11/2023,Salida,24,792,"Salida simulada",HFC,35,Almacen 2
38587,1034,1000,15/11/2023,Salida,22,792,"Salida simulada",HFC,35,Almacen 2
38586,1034,1001,17/11/2023,Salida,21,792,"Salida simulada",HFC,35,Almacen 2
38585,1034,1001,18/11/2023,Salida,19,792,"Salida simulada",HFC,35,Almacen 2
38584,1034,1000,19/11/2023,Salida,21,792,"Salida simulada",HFC,35,Almacen 2
38583,1034,1000,20/11/2023,Salida,20,792,"Salida simulada",HFC,35,Almacen 2
38582,1034,1001,24/11/2023,Salida,23,792,"Salida simulada",HFC,35,Almacen 2
38581,1034,1001,29/11/2023,Salida,18,792,"Salida simulada",HFC,35,Almacen 2
4946,1034,1001,29/11/2023,Entrada,47,812,"Ingreso simulado",HFC,35,Almacen 2
38580,1034,1000,01/12/2023,Salida,13,792,"Salida simulada",HFC,35,Almacen 2
38579,1034,1000,02/12/2023,Salida,18,792,"Salida simulada",HFC,35,Almacen 2
38578,1034,1001,03/12/2023,Salida,19,792,"Salida simulada",HFC,35,Almacen 2
4945,1034,1001,05/12/2023,Entrada,64,812,"Ingreso simulado",HFC,35,Almacen 2
4944,1034,1001,07/12/2023,Entrada,45,812,"Ingreso simulado",HFC,35,Almacen 2
38577,1034,1001,08/12/2023,Salida,20,792,"Salida simulada",HFC,35,Almacen 2
38576,1034,1000,09/12/2023,Salida,17,792,"Salida simulada",HFC,35,Almacen 2
38575,1034,1001,10/12/2023,Salida,17,792,"Salida simulada",HFC,35,Almacen 2
38574,1034,1000,18/12/2023,Salida,22,792,"Salida simulada",HFC,35,Almacen 2
38573,1034,1000,27/12/2023,Salida,17,792,"Salida simulada",HFC,35,Almacen 2
38572,1034,1000,30/12/2023,Salida,22,792,"Salida simulada",HFC,35,Almacen 2
38571,1034,1000,31/12/2023,Salida,18,792,"Salida simulada",HFC,35,Almacen 2
4943,1034,1000,01/01/2024,Entrada,54,812,"Ingreso simulado",HFC,35,Almacen 2
38570,1034,1000,02/01/2024,Salida,16,792,"Salida simulada",HFC,35,Almacen 2
38569,1034,1001,03/01/2024,Salida,22,792,"Salida simulada",HFC,35,Almacen 2
38568,1034,1001,06/01/2024,Salida,18,792,"Salida simulada",HFC,35,Almacen 2
38567,1034,1000,09/01/2024,Salida,8,792,"Salida simulada",HFC,35,Almacen 2
4942,1034,1001,14/01/2024,Entrada,53,812,"Ingreso simulado",HFC,35,Almacen 2
38566,1034,1001,16/01/2024,Salida,18,792,"Salida simulada",HFC,35,Almacen 2
38565,1034,1000,20/01/2024,Salida,22,792,"Salida simulada",HFC,35,Almacen 2
4941,1034,1001,21/01/2024,Entrada,38,812,"Ingreso simulado",HFC,35,Almacen 2
38564,1034,1001,22/01/2024,Salida,15,792,"Salida simulada",HFC,35,Almacen 2
38563,1034,1000,28/01/2024,Salida,23,792,"Salida simulada",HFC,35,Almacen 2
4940,1034,1001,30/01/2024,Entrada,44,812,"Ingreso simulado",HFC,35,Almacen 2
38562,1034,1001,31/01/2024,Salida,28,792,"Salida simulada",HFC,35,Almacen 2
4939,1034,1001,02/02/2024,Entrada,54,812,"Ingreso simulado",HFC,35,Almacen 2
38561,1034,1000,05/02/2024,Salida,17,792,"Salida simulada",HFC,35,Almacen 2
38560,1034,1001,06/02/2024,Salida,22,792,"Salida simulada",HFC,35,Almacen 2
4938,1034,1000,07/02/2024,Entrada,50,812,"Ingreso simulado",HFC,35,Almacen 2
38559,1034,1001,09/02/2024,Salida,23,792,"Salida simulada",HFC,35,Almacen 2
38558,1034,1001,10/02/2024,Salida,24,792,"Salida simulada",HFC,35,Almacen 2
4937,1034,1000,10/02/2024,Entrada,40,812,"Ingreso simulado",HFC,35,Almacen 2
38557,1034,1000,12/02/2024,Salida,19,792,"Salida simulada",HFC,35,Almacen 2
38556,1034,1001,13/02/2024,Salida,14,792,"Salida simulada",HFC,35,Almacen 2
4936,1034,1001,14/02/2024,Entrada,46,812,"Ingreso simulado",HFC,35,Almacen 2
38555,1034,1001,17/02/2024,Salida,16,792,"Salida simulada",HFC,35,Almacen 2
38554,1034,1000,20/02/2024,Salida,21,792,"Salida simulada",HFC,35,Almacen 2
4935,1034,1000,20/02/2024,Entrada,56,812,"Ingreso simulado",HFC,35,Almacen 2
38553,1034,1001,24/02/2024,Salida,33,792,"Salida simulada",HFC,35,Almacen 2
38552,1034,1001,28/02/2024,Salida,17,792,"Salida simulada",HFC,35,Almacen 2
4934,1034,1000,29/02/2024,Entrada,44,812,"Ingreso simulado",HFC,35,Almacen 2
38551,1034,1001,02/03/2024,Salida,23,792,"Salida simulada",HFC,35,Almacen 2
38550,1034,1001,04/03/2024,Salida,22,792,"Salida simulada",HFC,35,Almacen 2
4933,1034,1001,04/03/2024,Entrada,45,812,"Ingreso simulado",HFC,35,Almacen 2
38549,1034,1000,05/03/2024,Salida,15,792,"Salida simulada",HFC,35,Almacen 2
4932,1034,1000,10/03/2024,Entrada,55,812,"Ingreso simulado",HFC,35,Almacen 2
38548,1034,1000,10/03/2024,Salida,15,792,"Salida simulada",HFC,35,Almacen 2
4931,1034,1001,13/03/2024,Entrada,40,812,"Ingreso simulado",HFC,35,Almacen 2
38547,1034,1001,13/03/2024,Salida,25,792,"Salida simulada",HFC,35,Almacen 2
38546,1034,1001,15/03/2024,Salida,26,792,"Salida simulada",HFC,35,Almacen 2
38545,1034,1001,17/03/2024,Salida,23,792,"Salida simulada",HFC,35,Almacen 2
38544,1034,1001,19/03/2024,Salida,31,792,"Salida simulada",HFC,35,Almacen 2
4930,1034,1001,19/03/2024,Entrada,52,812,"Ingreso simulado",HFC,35,Almacen 2
38543,1034,1000,21/03/2024,Salida,22,792,"Salida simulada",HFC,35,Almacen 2
38542,1034,1000,22/03/2024,Salida,16,792,"Salida simulada",HFC,35,Almacen 2
4929,1034,1000,24/03/2024,Entrada,53,812,"Ingreso simulado",HFC,35,Almacen 2
38541,1034,1000,24/03/2024,Salida,20,792,"Salida simulada",HFC,35,Almacen 2
38540,1034,1000,26/03/2024,Salida,17,792,"Salida simulada",HFC,35,Almacen 2
38539,1034,1001,27/03/2024,Salida,26,792,"Salida simulada",HFC,35,Almacen 2
38538,1034,1000,29/03/2024,Salida,15,792,"Salida simulada",HFC,35,Almacen 2
4928,1034,1000,30/03/2024,Entrada,39,812,"Ingreso simulado",HFC,35,Almacen 2
38537,1034,1000,02/04/2024,Salida,18,792,"Salida simulada",HFC,35,Almacen 2
38536,1034,1000,12/04/2024,Salida,26,792,"Salida simulada",HFC,35,Almacen 2
38535,1034,1001,15/04/2024,Salida,25,792,"Salida simulada",HFC,35,Almacen 2
38534,1034,1000,18/04/2024,Salida,24,792,"Salida simulada",HFC,35,Almacen 2
38533,1034,1000,19/04/2024,Salida,8,792,"Salida simulada",HFC,35,Almacen 2
4927,1034,1000,27/04/2024,Entrada,53,812,"Ingreso simulado",HFC,35,Almacen 2
4926,1034,1001,02/05/2024,Entrada,48,812,"Ingreso simulado",HFC,35,Almacen 2
38532,1034,1001,03/05/2024,Salida,16,792,"Salida simulada",HFC,35,Almacen 2
38531,1034,1000,08/05/2024,Salida,27,792,"Salida simulada",HFC,35,Almacen 2
38530,1034,1000,09/05/2024,Salida,21,792,"Salida simulada",HFC,35,Almacen 2
38529,1034,1001,11/05/2024,Salida,24,792,"Salida simulada",HFC,35,Almacen 2
38528,1034,1001,12/05/2024,Salida,13,792,"Salida simulada",HFC,35,Almacen 2
4925,1034,1000,29/05/2024,Entrada,49,812,"Ingreso simulado",HFC,35,Almacen 2
38527,1034,1001,29/05/2024,Salida,21,792,"Salida simulada",HFC,35,Almacen 2
38526,1034,1001,30/05/2024,Salida,17,792,"Salida simulada",HFC,35,Almacen 2
38525,1034,1001,01/06/2024,Salida,11,792,"Salida simulada",HFC,35,Almacen 2
4924,1034,1000,07/06/2024,Entrada,48,812,"Ingreso simulado",HFC,35,Almacen 2
38524,1034,1001,07/06/2024,Salida,21,792,"Salida simulada",HFC,35,Almacen 2
4923,1034,1001,08/06/2024,Entrada,47,812,"Ingreso simulado",HFC,35,Almacen 2
4922,1034,1000,10/06/2024,Entrada,54,812,"Ingreso simulado",HFC,35,Almacen 2
35314,1034,1001,11/06/2024,Salida,23,792,"Salida simulada",HFC,35,Almacen 2
4921,1034,1001,12/06/2024,Entrada,53,812,"Ingreso simulado",HFC,35,Almacen 2
4920,1034,1001,13/06/2024,Entrada,61,812,"Ingreso simulado",HFC,35,Almacen 2
35313,1034,1000,13/06/2024,Salida,20,792,"Salida simulada",HFC,35,Almacen 2
35312,1034,1000,15/06/2024,Salida,15,792,"Salida simulada",HFC,35,Almacen 2
35311,1034,1000,18/06/2024,Salida,18,792,"Salida simulada",HFC,35,Almacen 2
35310,1034,1001,20/06/2024,Salida,18,792,"Salida simulada",HFC,35,Almacen 2
35309,1034,1000,26/06/2024,Salida,26,792,"Salida simulada",HFC,35,Almacen 2
35308,1034,1000,27/06/2024,Salida,22,792,"Salida simulada",HFC,35,Almacen 2
35307,1034,1000,29/06/2024,Salida,16,792,"Salida simulada",HFC,35,Almacen 2
4919,1034,1001,06/07/2024,Entrada,44,812,"Ingreso simulado",HFC,35,Almacen 2
35306,1034,1001,06/07/2024,Salida,13,792,"Salida simulada",HFC,35,Almacen 2
4918,1034,1000,07/07/2024,Entrada,61,812,"Ingreso simulado",HFC,35,Almacen 2
35305,1034,1001,08/07/2024,Salida,22,792,"Salida simulada",HFC,35,Almacen 2
4917,1034,1000,15/07/2024,Entrada,38,812,"Ingreso simulado",HFC,35,Almacen 2
4916,1034,1001,23/07/2024,Entrada,60,812,"Ingreso simulado",HFC,35,Almacen 2
35304,1034,1001,24/07/2024,Salida,16,792,"Salida simulada",HFC,35,Almacen 2
35303,1034,1001,25/07/2024,Salida,15,792,"Salida simulada",HFC,35,Almacen 2
4915,1034,1000,29/07/2024,Entrada,45,812,"Ingreso simulado",HFC,35,Almacen 2
35302,1034,1001,01/08/2024,Salida,27,792,"Salida simulada",HFC,35,Almacen 2
35301,1034,1000,02/08/2024,Salida,21,792,"Salida simulada",HFC,35,Almacen 2
35300,1034,1001,03/08/2024,Salida,14,792,"Salida simulada",HFC,35,Almacen 2
4914,1034,1000,08/08/2024,Entrada,60,812,"Ingreso simulado",HFC,35,Almacen 2
35299,1034,1000,11/08/2024,Salida,16,792,"Salida simulada",HFC,35,Almacen 2
35298,1034,1001,12/08/2024,Salida,20,792,"Salida simulada",HFC,35,Almacen 2
35297,1034,1000,13/08/2024,Salida,26,792,"Salida simulada",HFC,35,Almacen 2
4913,1034,1001,14/08/2024,Entrada,48,812,"Ingreso simulado",HFC,35,Almacen 2
35296,1034,1001,16/08/2024,Salida,20,792,"Salida simulada",HFC,35,Almacen 2
35295,1034,1001,17/08/2024,Salida,25,792,"Salida simulada",HFC,35,Almacen 2
35294,1034,1001,18/08/2024,Salida,14,792,"Salida simulada",HFC,35,Almacen 2
4912,1034,1000,22/08/2024,Entrada,45,812,"Ingreso simulado",HFC,35,Almacen 2
4911,1034,1001,23/08/2024,Entrada,48,812,"Ingreso simulado",HFC,35,Almacen 2
35293,1034,1001,24/08/2024,Salida,11,792,"Salida simulada",HFC,35,Almacen 2
35292,1034,1000,30/08/2024,Salida,24,792,"Salida simulada",HFC,35,Almacen 2
35291,1034,1000,02/09/2024,Salida,22,792,"Salida simulada",HFC,35,Almacen 2
35290,1034,1000,03/09/2024,Salida,22,792,"Salida simulada",HFC,35,Almacen 2
35289,1034,1001,04/09/2024,Salida,22,792,"Salida simulada",HFC,35,Almacen 2
4910,1034,1000,05/09/2024,Entrada,58,812,"Ingreso simulado",HFC,35,Almacen 2
35288,1034,1000,05/09/2024,Salida,25,792,"Salida simulada",HFC,35,Almacen 2
35287,1034,1000,06/09/2024,Salida,22,792,"Salida simulada",HFC,35,Almacen 2
35286,1034,1001,10/09/2024,Salida,19,792,"Salida simulada",HFC,35,Almacen 2
35285,1034,1001,15/09/2024,Salida,19,792,"Salida simulada",HFC,35,Almacen 2
35284,1034,1001,16/09/2024,Salida,14,792,"Salida simulada",HFC,35,Almacen 2
35283,1034,1001,17/09/2024,Salida,20,792,"Salida simulada",HFC,35,Almacen 2
4909,1034,1000,21/09/2024,Entrada,53,812,"Ingreso simulado",HFC,35,Almacen 2
35282,1034,1001,25/09/2024,Salida,26,792,"Salida simulada",HFC,35,Almacen 2
4908,1034,1001,25/09/2024,Entrada,47,812,"Ingreso simulado",HFC,35,Almacen 2
35281,1034,1000,28/09/2024,Salida,21,792,"Salida simulada",HFC,35,Almacen 2
35280,1034,1001,29/09/2024,Salida,17,792,"Salida simulada",HFC,35,Almacen 2
35279,1034,1001,30/09/2024,Salida,21,792,"Salida simulada",HFC,35,Almacen 2
35278,1034,1001,01/10/2024,Salida,23,792,"Salida simulada",HFC,35,Almacen 2
35277,1034,1000,03/10/2024,Salida,16,792,"Salida simulada",HFC,35,Almacen 2
35276,1034,1001,05/10/2024,Salida,22,792,"Salida simulada",HFC,35,Almacen 2
35275,1034,1001,07/10/2024,Salida,24,792,"Salida simulada",HFC,35,Almacen 2
35274,1034,1000,09/10/2024,Salida,21,792,"Salida simulada",HFC,35,Almacen 2
4907,1034,1001,11/10/2024,Entrada,48,812,"Ingreso simulado",HFC,35,Almacen 2
4906,1034,1001,17/10/2024,Entrada,51,812,"Ingreso simulado",HFC,35,Almacen 2
35273,1034,1001,18/10/2024,Salida,26,792,"Salida simulada",HFC,35,Almacen 2
35272,1034,1000,19/10/2024,Salida,14,792,"Salida simulada",HFC,35,Almacen 2
4905,1034,1000,20/10/2024,Entrada,53,812,"Ingreso simulado",HFC,35,Almacen 2
35271,1034,1000,20/10/2024,Salida,22,792,"Salida simulada",HFC,35,Almacen 2
35270,1034,1001,24/10/2024,Salida,24,792,"Salida simulada",HFC,35,Almacen 2
35269,1034,1001,25/10/2024,Salida,12,792,"Salida simulada",HFC,35,Almacen 2
4904,1034,1001,27/10/2024,Entrada,48,812,"Ingreso simulado",HFC,35,Almacen 2
35268,1034,1000,29/10/2024,Salida,14,792,"Salida simulada",HFC,35,Almacen 2
35267,1034,1000,03/11/2024,Salida,24,792,"Salida simulada",HFC,35,Almacen 2
35266,1034,1001,05/11/2024,Salida,21,792,"Salida simulada",HFC,35,Almacen 2
4903,1034,1000,07/11/2024,Entrada,53,812,"Ingreso simulado",HFC,35,Almacen 2
4902,1034,1000,16/11/2024,Entrada,36,812,"Ingreso simulado",HFC,35,Almacen 2
35265,1034,1001,17/11/2024,Salida,16,792,"Salida simulada",HFC,35,Almacen 2
35264,1034,1001,18/11/2024,Salida,24,792,"Salida simulada",HFC,35,Almacen 2
35263,1034,1001,20/11/2024,Salida,25,792,"Salida simulada",HFC,35,Almacen 2
35262,1034,1000,21/11/2024,Salida,20,792,"Salida simulada",HFC,35,Almacen 2
35261,1034,1000,22/11/2024,Salida,16,792,"Salida simulada",HFC,35,Almacen 2
35260,1034,1000,23/11/2024,Salida,19,792,"Salida simulada",HFC,35,Almacen 2
35259,1034,1000,02/12/2024,Salida,18,792,"Salida simulada",HFC,35,Almacen 2
4901,1034,1001,06/12/2024,Entrada,40,812,"Ingreso simulado",HFC,35,Almacen 2
4900,1034,1000,08/12/2024,Entrada,60,812,"Ingreso simulado",HFC,35,Almacen 2
35258,1034,1001,11/12/2024,Salida,18,792,"Salida simulada",HFC,35,Almacen 2
4899,1034,1000,15/12/2024,Entrada,49,812,"Ingreso simulado",HFC,35,Almacen 2
35257,1034,1001,19/12/2024,Salida,18,792,"Salida simulada",HFC,35,Almacen 2
4898,1034,1000,21/12/2024,Entrada,63,812,"Ingreso simulado",HFC,35,Almacen 2
35256,1034,1000,21/12/2024,Salida,21,792,"Salida simulada",HFC,35,Almacen 2
35255,1034,1001,22/12/2024,Salida,13,792,"Salida simulada",HFC,35,Almacen 2
35254,1034,1000,25/12/2024,Salida,22,792,"Salida simulada",HFC,35,Almacen 2
35253,1034,1000,26/12/2024,Salida,17,792,"Salida simulada",HFC,35,Almacen 2
4897,1034,1001,28/12/2024,Entrada,50,812,"Ingreso simulado",HFC,35,Almacen 2
35252,1034,1000,29/12/2024,Salida,18,792,"Salida simulada",HFC,35,Almacen 2
35251,1034,1000,30/12/2024,Salida,23,792,"Salida simulada",HFC,35,Almacen 2
35250,1034,1001,03/01/2025,Salida,18,792,"Salida simulada",HFC,35,Almacen 2
35249,1034,1000,06/01/2025,Salida,23,792,"Salida simulada",HFC,35,Almacen 2
35248,1034,1001,07/01/2025,Salida,15,792,"Salida simulada",HFC,35,Almacen 2
35247,1034,1001,08/01/2025,Salida,19,792,"Salida simulada",HFC,35,Almacen 2
4896,1034,1001,09/01/2025,Entrada,57,812,"Ingreso simulado",HFC,35,Almacen 2
35246,1034,1001,13/01/2025,Salida,19,792,"Salida simulada",HFC,35,Almacen 2
35245,1034,1000,14/01/2025,Salida,28,792,"Salida simulada",HFC,35,Almacen 2
4895,1034,1000,15/01/2025,Entrada,68,812,"Ingreso simulado",HFC,35,Almacen 2
35244,1034,1001,19/01/2025,Salida,22,792,"Salida simulada",HFC,35,Almacen 2
35243,1034,1000,20/01/2025,Salida,22,792,"Salida simulada",HFC,35,Almacen 2
4894,1034,1000,21/01/2025,Entrada,50,812,"Ingreso simulado",HFC,35,Almacen 2
35242,1034,1000,22/01/2025,Salida,15,792,"Salida simulada",HFC,35,Almacen 2
4893,1034,1000,23/01/2025,Entrada,56,812,"Ingreso simulado",HFC,35,Almacen 2
35241,1034,1000,26/01/2025,Salida,21,792,"Salida simulada",HFC,35,Almacen 2
35240,1034,1001,27/01/2025,Salida,18,792,"Salida simulada",HFC,35,Almacen 2
4892,1034,1000,28/01/2025,Entrada,46,812,"Ingreso simulado",HFC,35,Almacen 2
35239,1034,1000,02/02/2025,Salida,20,792,"Salida simulada",HFC,35,Almacen 2
35238,1034,1001,06/02/2025,Salida,27,792,"Salida simulada",HFC,35,Almacen 2
35237,1034,1001,08/02/2025,Salida,19,792,"Salida simulada",HFC,35,Almacen 2
35236,1034,1001,09/02/2025,Salida,26,792,"Salida simulada",HFC,35,Almacen 2
4891,1034,1001,09/02/2025,Entrada,54,812,"Ingreso simulado",HFC,35,Almacen 2
35235,1034,1000,11/02/2025,Salida,28,792,"Salida simulada",HFC,35,Almacen 2
35234,1034,1000,12/02/2025,Salida,23,792,"Salida simulada",HFC,35,Almacen 2
35233,1034,1001,13/02/2025,Salida,23,792,"Salida simulada",HFC,35,Almacen 2
35232,1034,1000,17/02/2025,Salida,14,792,"Salida simulada",HFC,35,Almacen 2
4890,1034,1000,18/02/2025,Entrada,47,812,"Ingreso simulado",HFC,35,Almacen 2
35231,1034,1001,21/02/2025,Salida,21,792,"Salida simulada",HFC,35,Almacen 2
35230,1034,1001,22/02/2025,Salida,26,792,"Salida simulada",HFC,35,Almacen 2
4889,1034,1001,22/02/2025,Entrada,49,812,"Ingreso simulado",HFC,35,Almacen 2
35229,1034,1000,24/02/2025,Salida,19,792,"Salida simulada",HFC,35,Almacen 2
35228,1034,1000,25/02/2025,Salida,28,792,"Salida simulada",HFC,35,Almacen 2
35227,1034,1000,28/02/2025,Salida,12,792,"Salida simulada",HFC,35,Almacen 2
4888,1034,1001,28/02/2025,Entrada,36,812,"Ingreso simulado",HFC,35,Almacen 2
35226,1034,1000,01/03/2025,Salida,25,792,"Salida simulada",HFC,35,Almacen 2
35225,1034,1001,02/03/2025,Salida,16,792,"Salida simulada",HFC,35,Almacen 2
4887,1034,1001,03/03/2025,Entrada,46,812,"Ingreso simulado",HFC,35,Almacen 2
35224,1034,1001,05/03/2025,Salida,21,792,"Salida simulada",HFC,35,Almacen 2
4886,1034,1000,07/03/2025,Entrada,40,812,"Ingreso simulado",HFC,35,Almacen 2
35223,1034,1000,07/03/2025,Salida,14,792,"Salida simulada",HFC,35,Almacen 2
4885,1034,1000,09/03/2025,Entrada,56,812,"Ingreso simulado",HFC,35,Almacen 2
35222,1034,1001,09/03/2025,Salida,22,792,"Salida simulada",HFC,35,Almacen 2
35221,1034,1000,10/03/2025,Salida,11,792,"Salida simulada",HFC,35,Almacen 2
35220,1034,1001,11/03/2025,Salida,18,792,"Salida simulada",HFC,35,Almacen 2
35219,1034,1000,12/03/2025,Salida,21,792,"Salida simulada",HFC,35,Almacen 2
35218,1034,1001,13/03/2025,Salida,17,792,"Salida simulada",HFC,35,Almacen 2
35217,1034,1001,19/03/2025,Salida,23,792,"Salida simulada",HFC,35,Almacen 2
4884,1034,1000,25/03/2025,Entrada,47,812,"Ingreso simulado",HFC,35,Almacen 2
35216,1034,1000,28/03/2025,Salida,30,792,"Salida simulada",HFC,35,Almacen 2
35215,1034,1000,31/03/2025,Salida,14,792,"Salida simulada",HFC,35,Almacen 2
35214,1034,1000,02/04/2025,Salida,24,792,"Salida simulada",HFC,35,Almacen 2
4883,1034,1000,07/04/2025,Entrada,45,812,"Ingreso simulado",HFC,35,Almacen 2
35213,1034,1001,09/04/2025,Salida,14,792,"Salida simulada",HFC,35,Almacen 2
35212,1034,1001,11/04/2025,Salida,24,792,"Salida simulada",HFC,35,Almacen 2
35211,1034,1000,12/04/2025,Salida,19,792,"Salida simulada",HFC,35,Almacen 2
35210,1034,1000,13/04/2025,Salida,10,792,"Salida simulada",HFC,35,Almacen 2
35209,1034,1000,17/04/2025,Salida,5,792,"Salida simulada",HFC,35,Almacen 2
4882,1034,1001,22/04/2025,Entrada,56,812,"Ingreso simulado",HFC,35,Almacen 2
35208,1034,1000,23/04/2025,Salida,13,792,"Salida simulada",HFC,35,Almacen 2
35207,1034,1001,26/04/2025,Salida,25,792,"Salida simulada",HFC,35,Almacen 2
35206,1034,1001,27/04/2025,Salida,18,792,"Salida simulada",HFC,35,Almacen 2
4881,1034,1000,28/04/2025,Entrada,47,812,"Ingreso simulado",HFC,35,Almacen 2
35205,1034,1000,30/04/2025,Salida,15,792,"Salida simulada",HFC,35,Almacen 2
4880,1034,1000,02/05/2025,Entrada,42,812,"Ingreso simulado",HFC,35,Almacen 2
35204,1034,1000,08/05/2025,Salida,15,792,"Salida simulada",HFC,35,Almacen 2
35203,1034,1000,12/05/2025,Salida,18,792,"Salida simulada",HFC,35,Almacen 2
35202,1034,1001,16/05/2025,Salida,21,792,"Salida simulada",HFC,35,Almacen 2
35201,1034,1001,18/05/2025,Salida,17,792,"Salida simulada",HFC,35,Almacen 2
35200,1034,1001,20/05/2025,Salida,3,792,"Salida simulada",HFC,35,Almacen 2
4879,1034,1001,09/06/2025,Entrada,51,812,"Ingreso simulado",HFC,35,Almacen 2
35199,1034,1000,09/06/2025,Salida,16,792,"Salida simulada",HFC,35,Almacen 2
4878,1034,1001,17/06/2025,Entrada,40,812,"Ingreso simulado",HFC,35,Almacen 2
35198,1034,1001,18/06/2025,Salida,29,792,"Salida simulada",HFC,35,Almacen 2
35197,1034,1001,19/06/2025,Salida,13,792,"Salida simulada",HFC,35,Almacen 2
35196,1034,1000,20/06/2025,Salida,17,792,"Salida simulada",HFC,35,Almacen 2
35195,1034,1000,22/06/2025,Salida,13,792,"Salida simulada",HFC,35,Almacen 2
35194,1034,1000,26/06/2025,Salida,3,792,"Salida simulada",HFC,35,Almacen 2
4877,1034,1001,27/06/2025,Entrada,60,812,"Ingreso simulado",HFC,35,Almacen 2
35193,1034,1000,28/06/2025,Salida,13,792,"Salida simulada",HFC,35,Almacen 2
4876,1034,1000,03/07/2025,Entrada,44,812,"Ingreso simulado",HFC,35,Almacen 2
4875,1034,1001,10/07/2025,Entrada,57,812,"Ingreso simulado",HFC,35,Almacen 2
35192,1034,1001,10/07/2025,Salida,19,792,"Salida simulada",HFC,35,Almacen 2
35191,1034,1001,11/07/2025,Salida,21,792,"Salida simulada",HFC,35,Almacen 2
35190,1034,1000,12/07/2025,Salida,22,792,"Salida simulada",HFC,35,Almacen 2
35189,1034,1001,14/07/2025,Salida,26,792,"Salida simulada",HFC,35,Almacen 2
4874,1034,1001,14/07/2025,Entrada,50,812,"Ingreso simulado",HFC,35,Almacen 2
4873,1034,1001,20/07/2025,Entrada,42,812,"Ingreso simulado",HFC,35,Almacen 2
35188,1034,1001,22/07/2025,Salida,20,792,"Salida simulada",HFC,35,Almacen 2
4872,1034,1000,24/07/2025,Entrada,51,812,"Ingreso simulado",HFC,35,Almacen 2
35187,1034,1001,25/07/2025,Salida,16,792,"Salida simulada",HFC,35,Almacen 2
35186,1034,1001,28/07/2025,Salida,22,792,"Salida simulada",HFC,35,Almacen 2
35185,1034,1000,30/07/2025,Salida,28,792,"Salida simulada",HFC,35,Almacen 2
35184,1034,1000,31/07/2025,Salida,21,792,"Salida simulada",HFC,35,Almacen 2
35183,1034,1000,01/08/2025,Salida,18,792,"Salida simulada",HFC,35,Almacen 2
4871,1034,1001,04/08/2025,Entrada,47,812,"Ingreso simulado",HFC,35,Almacen 2
35182,1034,1000,08/08/2025,Salida,20,792,"Salida simulada",HFC,35,Almacen 2
35181,1034,1001,09/08/2025,Salida,21,792,"Salida simulada",HFC,35,Almacen 2
35180,1034,1001,10/08/2025,Salida,26,792,"Salida simulada",HFC,35,Almacen 2
35179,1034,1000,13/08/2025,Salida,12,792,"Salida simulada",HFC,35,Almacen 2
35178,1034,1001,14/08/2025,Salida,18,792,"Salida simulada",HFC,35,Almacen 2
35177,1034,1001,15/08/2025,Salida,16,792,"Salida simulada",HFC,35,Almacen 2
35176,1034,1000,17/08/2025,Salida,12,792,"Salida simulada",HFC,35,Almacen 2
4870,1034,1000,22/08/2025,Entrada,49,812,"Ingreso simulado",HFC,35,Almacen 2
35175,1034,1001,23/08/2025,Salida,21,792,"Salida simulada",HFC,35,Almacen 2
35174,1034,1000,26/08/2025,Salida,24,792,"Salida simulada",HFC,35,Almacen 2
4869,1034,1000,02/09/2025,Entrada,49,812,"Ingreso simulado",HFC,35,Almacen 2
4868,1034,1001,03/09/2025,Entrada,53,812,"Ingreso simulado",HFC,35,Almacen 2
35173,1034,1001,06/09/2025,Salida,25,792,"Salida simulada",HFC,35,Almacen 2
35172,1034,1001,07/09/2025,Salida,23,792,"Salida simulada",HFC,35,Almacen 2
4867,1034,1001,08/09/2025,Entrada,63,812,"Ingreso simulado",HFC,35,Almacen 2
35171,1034,1000,08/09/2025,Salida,24,792,"Salida simulada",HFC,35,Almacen 2
4866,1034,1000,09/09/2025,Entrada,49,812,"Ingreso simulado",HFC,35,Almacen 2
35170,1034,1001,10/09/2025,Salida,18,792,"Salida simulada",HFC,35,Almacen 2
35169,1034,1001,12/09/2025,Salida,22,792,"Salida simulada",HFC,35,Almacen 2
35168,1034,1001,16/09/2025,Salida,15,792,"Salida simulada",HFC,35,Almacen 2
35167,1034,1001,18/09/2025,Salida,18,792,"Salida simulada",HFC,35,Almacen 2
35166,1034,1000,19/09/2025,Salida,13,792,"Salida simulada",HFC,35,Almacen 2
35165,1034,1001,22/09/2025,Salida,26,792,"Salida simulada",HFC,35,Almacen 2
35164,1034,1000,23/09/2025,Salida,17,792,"Salida simulada",HFC,35,Almacen 2
35163,1034,1001,24/09/2025,Salida,17,792,"Salida simulada",HFC,35,Almacen 2
4865,1034,1000,26/09/2025,Entrada,50,812,"Ingreso simulado",HFC,35,Almacen 2
35162,1034,1001,28/09/2025,Salida,21,792,"Salida simulada",HFC,35,Almacen 2
35161,1034,1000,30/09/2025,Salida,21,792,"Salida simulada",HFC,35,Almacen 2
35160,1034,1001,02/10/2025,Salida,8,792,"Salida simulada",HFC,35,Almacen 2
4864,1034,1000,04/10/2025,Entrada,50,812,"Ingreso simulado",HFC,35,Almacen 2
4863,1034,1000,05/10/2025,Entrada,53,812,"Ingreso simulado",HFC,35,Almacen 2
35159,1034,1001,08/10/2025,Salida,14,792,"Salida simulada",HFC,35,Almacen 2
35158,1034,1001,10/10/2025,Salida,28,792,"Salida simulada",HFC,35,Almacen 2
4862,1034,1000,11/10/2025,Entrada,57,812,"Ingreso simulado",HFC,35,Almacen 2
35157,1034,1000,11/10/2025,Salida,19,792,"Salida simulada",HFC,35,Almacen 2
4861,1034,1001,13/10/2025,Entrada,55,812,"Ingreso simulado",HFC,35,Almacen 2
35156,1034,1000,15/10/2025,Salida,27,792,"Salida simulada",HFC,35,Almacen 2
35155,1034,1000,17/10/2025,Salida,15,792,"Salida simulada",HFC,35,Almacen 2
35154,1034,1000,20/10/2025,Salida,24,792,"Salida simulada",HFC,35,Almacen 2
35153,1034,1001,21/10/2025,Salida,20,792,"Salida simulada",HFC,35,Almacen 2
